Processed,Time(h),Time(m),Time(s),Time(ms),Delt,AccX,AccY,AccZ,GyroX,GyroY,GyroZ,MagX,MagY,MagZ,Roll,Pinch,Yaw,PCTimestamp
Processed,Time(h),Time(m),Time(s),Time(ms),Delt,AccX,AccY,AccZ,GyroX,GyroY,GyroZ,MagX,MagY,MagZ,Roll,Pinch,Yaw,PCTimestamp
Processed,Time(h),Time(m),Time(s),Time(ms),Delt,AccX,AccY,AccZ,GyroX,GyroY,GyroZ,MagX,MagY,MagZ,Roll,Pinch,Yaw,PCTimestamp
1,1,1,1,267,3661267,0.02978515625,0.0361328125,1.01611328125,0.0,0.06103515625,0.0,-38.98412698412699,854.6520146520146,-199.4188034188034
2,1,1,1,277,10,0.0322265625,0.0341796875,1.01025390625,-0.06103515625,0.0,0.06103515625,-31.48717948717949,836.6593406593406,-188.92307692307693
3,1,1,1,287,10,0.02783203125,0.03466796875,1.02392578125,-0.1220703125,0.0,0.18310546875,-23.99023199023199,832.1611721611722,-184.42490842490844
4,1,1,1,297,10,0.03515625,0.03466796875,1.01708984375,0.0,-0.1220703125,0.06103515625,-31.48717948717949,857.6507936507936,-184.42490842490844
5,1,1,1,307,10,0.0341796875,0.02880859375,1.01416015625,0.0,0.06103515625,0.06103515625,-23.99023199023199,857.6507936507936,-170.93040293040292
6,1,1,1,317,10,0.0302734375,0.02880859375,1.02294921875,-0.1220703125,0.18310546875,0.1220703125,-28.488400488400487,847.1550671550672,-173.92918192918194
7,1,1,1,327,10,0.03173828125,0.03466796875,1.0283203125,-0.1220703125,0.18310546875,0.18310546875,-17.992673992673993,836.6593406593406,-167.93162393162393
8,1,1,1,337,10,0.025390625,0.03564453125,1.02001953125,-0.18310546875,0.18310546875,0.1220703125,-23.99023199023199,844.1562881562882,-163.43345543345544
9,1,1,1,347,10,0.02783203125,0.03662109375,1.009765625,-0.30517578125,0.0,0.1220703125,-23.99023199023199,836.6593406593406,-191.92185592185592
10,1,1,1,357,10,0.01904296875,0.03564453125,1.01513671875,-0.244140625,0.0,0.1220703125,-26.98901098901099,845.6556776556777,-172.42979242979243
11,1,1,1,367,10,0.02294921875,0.04150390625,1.02783203125,-0.1220703125,0.06103515625,0.0,-26.98901098901099,827.6630036630037,-175.42857142857142
12,1,1,1,377,10,0.01953125,0.048828125,1.0224609375,-0.18310546875,0.0,0.1220703125,-28.488400488400487,836.6593406593406,-181.42612942612942
13,1,1,1,387,10,0.03662109375,0.03173828125,1.01513671875,-0.30517578125,0.06103515625,0.06103515625,-40.48351648351648,845.6556776556777,-175.42857142857142
14,1,1,1,397,10,0.02880859375,0.04150390625,1.01318359375,-0.30517578125,0.0,0.0,-40.48351648351648,838.1587301587301,-172.42979242979243
15,1,1,1,407,10,0.03466796875,0.0400390625,0.9951171875,0.0,-0.06103515625,0.06103515625,-13.494505494505495,832.1611721611722,-181.42612942612942
16,1,1,1,417,10,0.0244140625,0.03662109375,1.01953125,0.0,0.0,0.06103515625,-19.492063492063494,838.1587301587301,-172.42979242979243
17,1,1,1,427,10,0.03759765625,0.0419921875,1.0087890625,0.0,0.0,0.06103515625,-31.48717948717949,850.1538461538462,-167.93162393162393
18,1,1,1,437,10,0.02880859375,0.029296875,1.0009765625,-0.06103515625,0.0,0.0,-47.98046398046398,833.6605616605617,-169.43101343101344
19,1,1,1,447,10,0.02587890625,0.03564453125,0.99609375,-0.1220703125,0.0,0.1220703125,-28.488400488400487,839.6581196581196,-167.93162393162393
20,1,1,1,457,10,0.025390625,0.03662109375,0.9921875,0.06103515625,0.0,0.06103515625,-31.48717948717949,847.1550671550672,-194.9206349206349
21,1,1,1,467,10,0.029296875,0.0390625,1.02294921875,0.0,0.0,0.0,-23.99023199023199,844.1562881562882,-181.42612942612942
22,1,1,1,477,10,0.0322265625,0.03759765625,1.01611328125,-0.1220703125,0.0,0.1220703125,-22.49084249084249,845.6556776556777,-179.9267399267399
23,1,1,1,487,10,0.03173828125,0.03466796875,1.0,0.18310546875,-0.06103515625,0.1220703125,-26.98901098901099,838.1587301587301,-190.4224664224664
24,1,1,1,497,10,0.02294921875,0.03173828125,1.00830078125,0.18310546875,0.0,0.18310546875,-31.48717948717949,836.6593406593406,-181.42612942612942
25,1,1,1,507,10,0.0224609375,0.03466796875,0.99267578125,-0.1220703125,0.0,0.0,-35.985347985347985,829.1623931623932,-181.42612942612942
26,1,1,1,517,10,0.03076171875,0.04150390625,1.02099609375,0.0,0.18310546875,0.0,-23.99023199023199,844.1562881562882,-173.92918192918194
27,1,1,1,527,10,0.02734375,0.03466796875,0.99951171875,0.0,0.0,0.0,-26.98901098901099,833.6605616605617,-179.9267399267399
28,1,1,1,537,10,0.03076171875,0.03369140625,0.998046875,-0.06103515625,0.0,0.30517578125,-29.987789987789988,853.1526251526252,-179.9267399267399
29,1,1,1,547,10,0.02783203125,0.033203125,1.01416015625,0.06103515625,-0.06103515625,-0.06103515625,-43.482295482295484,832.1611721611722,-181.42612942612942
30,1,1,1,557,10,0.0302734375,0.03662109375,1.03076171875,-0.06103515625,0.3662109375,0.06103515625,-26.98901098901099,853.1526251526252,-179.9267399267399
31,1,1,1,567,10,0.02197265625,0.0244140625,1.02783203125,0.0,0.06103515625,0.1220703125,-34.485958485958484,841.1575091575091,-190.4224664224664
32,1,1,1,577,10,0.03173828125,0.02880859375,1.021484375,-0.1220703125,0.18310546875,0.0,-22.49084249084249,833.6605616605617,-169.43101343101344
33,1,1,1,587,10,0.025390625,0.03759765625,1.00634765625,-0.06103515625,0.0,0.18310546875,-38.98412698412699,836.6593406593406,-191.92185592185592
34,1,1,1,597,10,0.02392578125,0.03515625,1.00634765625,-0.1220703125,0.06103515625,0.1220703125,-26.98901098901099,845.6556776556777,-169.43101343101344
35,1,1,1,607,10,0.02099609375,0.0390625,1.009765625,-0.06103515625,0.18310546875,0.06103515625,-22.49084249084249,841.1575091575091,-185.92429792429792
36,1,1,1,617,10,0.03076171875,0.04150390625,1.0087890625,-0.244140625,0.1220703125,0.06103515625,-23.99023199023199,836.6593406593406,-167.93162393162393
37,1,1,1,627,10,0.02783203125,0.03515625,1.00634765625,-0.18310546875,0.244140625,0.1220703125,-34.485958485958484,838.1587301587301,-179.9267399267399
38,1,1,1,637,10,0.0322265625,0.03759765625,1.01318359375,-0.244140625,0.0,0.1220703125,-23.99023199023199,839.6581196581196,-188.92307692307693
39,1,1,1,647,10,0.02880859375,0.03955078125,1.00244140625,-0.244140625,-0.06103515625,0.0,-35.985347985347985,847.1550671550672,-181.42612942612942
40,1,1,1,657,10,0.02978515625,0.037109375,1.0048828125,-0.30517578125,0.0,0.0,-22.49084249084249,833.6605616605617,-190.4224664224664
41,1,1,1,667,10,0.02587890625,0.03662109375,0.9912109375,0.1220703125,0.06103515625,0.06103515625,-29.987789987789988,845.6556776556777,-172.42979242979243
42,1,1,1,677,10,0.0341796875,0.03125,1.00244140625,0.06103515625,0.06103515625,0.06103515625,-26.98901098901099,823.1648351648352,-175.42857142857142
43,1,1,1,687,10,0.03125,0.029296875,0.98828125,0.0,0.0,0.06103515625,-26.98901098901099,856.1514041514041,-182.92551892551893
44,1,1,1,697,10,0.02978515625,0.041015625,1.009765625,0.06103515625,-0.18310546875,0.1220703125,-19.492063492063494,848.6544566544567,-164.93284493284494
45,1,1,1,707,10,0.02783203125,0.033203125,1.00732421875,-0.06103515625,-0.06103515625,0.30517578125,-17.992673992673993,836.6593406593406,-173.92918192918194
46,1,1,1,717,10,0.0341796875,0.04150390625,1.00927734375,0.0,0.18310546875,0.06103515625,-26.98901098901099,845.6556776556777,-179.9267399267399
47,1,1,1,727,10,0.0234375,0.037109375,1.0,0.0,0.0,0.1220703125,-35.985347985347985,839.6581196581196,-181.42612942612942
48,1,1,1,737,10,0.017578125,0.0341796875,1.00537109375,0.0,0.06103515625,0.1220703125,-38.98412698412699,836.6593406593406,-170.93040293040292
49,1,1,1,747,10,0.03076171875,0.0390625,1.0048828125,0.18310546875,0.06103515625,0.0,-29.987789987789988,845.6556776556777,-175.42857142857142
50,1,1,1,757,10,0.0322265625,0.03173828125,1.01025390625,-0.06103515625,-0.06103515625,-0.18310546875,-19.492063492063494,838.1587301587301,-164.93284493284494
51,1,1,1,767,10,0.02734375,0.033203125,1.02783203125,0.06103515625,0.1220703125,0.0,-26.98901098901099,845.6556776556777,-175.42857142857142
52,1,1,1,777,10,0.02783203125,0.0400390625,1.01123046875,-0.18310546875,0.06103515625,0.0,-40.48351648351648,853.1526251526252,-185.92429792429792
53,1,1,1,787,10,0.0283203125,0.03173828125,1.005859375,0.06103515625,0.0,0.18310546875,-23.99023199023199,857.6507936507936,-178.42735042735043
54,1,1,1,797,10,0.025390625,0.0419921875,1.005859375,-0.18310546875,0.0,0.1220703125,-28.488400488400487,839.6581196581196,-178.42735042735043
55,1,1,1,807,10,0.029296875,0.0390625,1.0087890625,-0.06103515625,0.1220703125,0.0,-34.485958485958484,841.1575091575091,-179.9267399267399
56,1,1,1,817,10,0.0234375,0.0458984375,1.02197265625,-0.06103515625,0.1220703125,0.06103515625,-26.98901098901099,830.6617826617827,-172.42979242979243
57,1,1,1,827,10,0.02880859375,0.033203125,1.01708984375,-0.18310546875,0.1220703125,0.1220703125,-20.99145299145299,832.1611721611722,-181.42612942612942
58,1,1,1,837,10,0.03076171875,0.03955078125,1.01806640625,-0.1220703125,0.0,0.0,-44.98168498168498,841.1575091575091,-179.9267399267399
59,1,1,1,847,10,0.02294921875,0.03515625,1.01708984375,-0.54931640625,0.06103515625,0.06103515625,-29.987789987789988,841.1575091575091,-179.9267399267399
60,1,1,1,857,10,0.0380859375,0.03955078125,1.02490234375,-0.1220703125,0.06103515625,0.18310546875,-31.48717948717949,829.1623931623932,-188.92307692307693
61,1,1,1,867,10,0.02783203125,0.037109375,1.01513671875,-0.244140625,0.0,-0.1220703125,-34.485958485958484,830.6617826617827,-193.42124542124543
62,1,1,1,877,10,0.0283203125,0.04296875,1.0205078125,-0.3662109375,0.0,0.06103515625,-28.488400488400487,850.1538461538462,-178.42735042735043
63,1,1,1,887,10,0.0322265625,0.037109375,1.009765625,0.0,0.0,0.06103515625,-38.98412698412699,832.1611721611722,-170.93040293040292
64,1,1,1,897,10,0.03125,0.04736328125,1.0126953125,-0.06103515625,-0.18310546875,0.0,-26.98901098901099,815.6678876678877,-169.43101343101344
65,1,1,1,907,10,0.0234375,0.04248046875,1.0126953125,-0.1220703125,0.0,0.0,-47.98046398046398,853.1526251526252,-169.43101343101344
66,1,1,1,917,10,0.0322265625,0.02392578125,1.013671875,-0.1220703125,0.244140625,0.1220703125,-43.482295482295484,836.6593406593406,-184.42490842490844
67,1,1,1,927,10,0.03125,0.03564453125,1.0009765625,0.1220703125,-0.06103515625,0.06103515625,-28.488400488400487,839.6581196581196,-188.92307692307693
68,1,1,1,937,10,0.03271484375,0.03271484375,0.98779296875,0.18310546875,-0.18310546875,0.0,-34.485958485958484,838.1587301587301,-164.93284493284494
69,1,1,1,947,10,0.02734375,0.0400390625,0.99365234375,-0.1220703125,-0.06103515625,0.0,-19.492063492063494,860.6495726495726,-164.93284493284494
70,1,1,1,957,10,0.02880859375,0.03271484375,0.99853515625,0.0,0.0,0.1220703125,-34.485958485958484,838.1587301587301,-190.4224664224664
71,1,1,1,967,10,0.03857421875,0.03466796875,1.00390625,-0.1220703125,0.06103515625,-0.1220703125,-38.98412698412699,839.6581196581196,-184.42490842490844
72,1,1,1,977,10,0.0244140625,0.03466796875,0.99560546875,0.0,0.0,0.06103515625,-23.99023199023199,844.1562881562882,-184.42490842490844
73,1,1,1,987,10,0.03515625,0.02685546875,0.9931640625,0.06103515625,0.0,0.1220703125,-34.485958485958484,841.1575091575091,-172.42979242979243
74,1,1,1,997,10,0.0322265625,0.04541015625,1.0009765625,0.0,0.06103515625,0.0,-31.48717948717949,850.1538461538462,-167.93162393162393
75,1,1,2,7,10,0.021484375,0.04443359375,0.9931640625,0.0,0.0,0.06103515625,-26.98901098901099,845.6556776556777,-193.42124542124543
76,1,1,2,17,10,0.0263671875,0.041015625,1.0244140625,0.0,0.30517578125,0.0,-31.48717948717949,847.1550671550672,-170.93040293040292
77,1,1,2,27,10,0.03271484375,0.03369140625,1.00146484375,-0.1220703125,0.06103515625,0.0,-49.47985347985348,839.6581196581196,-173.92918192918194
78,1,1,2,37,10,0.02490234375,0.03271484375,1.00244140625,-0.18310546875,0.30517578125,0.18310546875,-38.98412698412699,836.6593406593406,-181.42612942612942
79,1,1,2,47,10,0.037109375,0.02978515625,1.013671875,-0.1220703125,0.0,-0.06103515625,-40.48351648351648,833.6605616605617,-179.9267399267399
80,1,1,2,57,10,0.0185546875,0.03759765625,1.01953125,-0.1220703125,0.1220703125,0.18310546875,-19.492063492063494,838.1587301587301,-182.92551892551893
81,1,1,2,67,10,0.0244140625,0.0390625,1.02392578125,0.1220703125,0.1220703125,0.1220703125,-26.98901098901099,845.6556776556777,-182.92551892551893
82,1,1,2,77,10,0.02783203125,0.0341796875,1.01220703125,0.0,0.06103515625,0.06103515625,-44.98168498168498,841.1575091575091,-182.92551892551893
83,1,1,2,87,10,0.03076171875,0.033203125,1.001953125,-0.30517578125,0.0,0.06103515625,-31.48717948717949,844.1562881562882,-178.42735042735043
84,1,1,2,97,10,0.01953125,0.0263671875,1.02099609375,-0.06103515625,0.1220703125,0.1220703125,-37.48473748473749,853.1526251526252,-179.9267399267399
85,1,1,2,107,10,0.03076171875,0.0341796875,1.0234375,-0.18310546875,0.06103515625,0.18310546875,-29.987789987789988,845.6556776556777,-196.42002442002442
86,1,1,2,117,10,0.03271484375,0.03125,1.0166015625,-0.18310546875,0.1220703125,-0.1220703125,-28.488400488400487,844.1562881562882,-184.42490842490844
87,1,1,2,127,10,0.0234375,0.02734375,1.01220703125,-0.42724609375,0.1220703125,0.0,-34.485958485958484,845.6556776556777,-172.42979242979243
88,1,1,2,137,10,0.02880859375,0.03271484375,1.0068359375,-0.06103515625,0.0,0.1220703125,-26.98901098901099,830.6617826617827,-175.42857142857142
89,1,1,2,147,10,0.02734375,0.037109375,1.00390625,-0.18310546875,-0.06103515625,0.06103515625,-34.485958485958484,845.6556776556777,-172.42979242979243
90,1,1,2,157,10,0.0234375,0.03369140625,1.00390625,-0.06103515625,0.06103515625,0.06103515625,-43.482295482295484,836.6593406593406,-163.43345543345544
91,1,1,2,167,10,0.02978515625,0.03662109375,0.994140625,0.06103515625,-0.1220703125,0.06103515625,-47.98046398046398,845.6556776556777,-179.9267399267399
92,1,1,2,177,10,0.03466796875,0.0322265625,1.00634765625,0.0,0.18310546875,0.18310546875,-34.485958485958484,830.6617826617827,-179.9267399267399
93,1,1,2,187,10,0.02978515625,0.03369140625,0.98583984375,-0.1220703125,0.06103515625,0.18310546875,-23.99023199023199,844.1562881562882,-188.92307692307693
94,1,1,2,197,10,0.0341796875,0.0302734375,1.00341796875,-0.06103515625,0.0,-0.06103515625,-40.48351648351648,845.6556776556777,-182.92551892551893
95,1,1,2,207,10,0.02734375,0.037109375,1.0048828125,-0.06103515625,0.0,0.0,-37.48473748473749,838.1587301587301,-172.42979242979243
96,1,1,2,217,10,0.02783203125,0.03515625,1.017578125,0.0,-0.06103515625,0.1220703125,-31.48717948717949,850.1538461538462,-178.42735042735043
97,1,1,2,227,10,0.03369140625,0.0419921875,1.0009765625,0.0,-0.06103515625,0.1220703125,-37.48473748473749,845.6556776556777,-185.92429792429792
98,1,1,2,237,10,0.0341796875,0.03173828125,1.013671875,0.1220703125,0.1220703125,0.06103515625,-35.985347985347985,832.1611721611722,-181.42612942612942
99,1,1,2,247,10,0.0322265625,0.04052734375,1.00927734375,-0.06103515625,0.0,0.0,-20.99145299145299,829.1623931623932,-173.92918192918194
100,1,1,2,257,10,0.02587890625,0.03466796875,1.00927734375,0.06103515625,0.244140625,0.0,-43.482295482295484,839.6581196581196,-178.42735042735043
101,1,1,2,267,10,0.03076171875,0.0419921875,1.01513671875,0.0,0.3662109375,0.18310546875,-26.98901098901099,820.1660561660561,-182.92551892551893
102,1,1,2,277,10,0.0244140625,0.03662109375,1.0029296875,-0.1220703125,0.18310546875,0.0,-20.99145299145299,847.1550671550672,-173.92918192918194
103,1,1,2,287,10,0.02783203125,0.0400390625,1.01611328125,0.0,0.1220703125,0.0,-28.488400488400487,839.6581196581196,-184.42490842490844
104,1,1,2,297,10,0.03125,0.03564453125,1.013671875,0.0,0.1220703125,0.18310546875,-35.985347985347985,832.1611721611722,-173.92918192918194
105,1,1,2,307,10,0.021484375,0.03173828125,1.02197265625,0.0,0.3662109375,-0.06103515625,-40.48351648351648,838.1587301587301,-172.42979242979243
106,1,1,2,317,10,0.02294921875,0.033203125,1.017578125,-0.1220703125,0.0,0.06103515625,-29.987789987789988,833.6605616605617,-203.91697191697193
107,1,1,2,327,10,0.0302734375,0.033203125,1.01513671875,-0.18310546875,0.06103515625,0.06103515625,-26.98901098901099,827.6630036630037,-182.92551892551893
108,1,1,2,337,10,0.0341796875,0.0400390625,1.01953125,-0.1220703125,0.0,0.06103515625,-26.98901098901099,838.1587301587301,-164.93284493284494
109,1,1,2,347,10,0.0234375,0.0322265625,1.0048828125,0.0,0.06103515625,0.0,-23.99023199023199,839.6581196581196,-163.43345543345544
110,1,1,2,357,10,0.02587890625,0.04443359375,1.01123046875,0.0,0.06103515625,0.18310546875,-34.485958485958484,845.6556776556777,-179.9267399267399
111,1,1,2,367,10,0.01904296875,0.04150390625,1.015625,-0.3662109375,0.06103515625,0.1220703125,-23.99023199023199,839.6581196581196,-181.42612942612942
112,1,1,2,377,10,0.03564453125,0.0400390625,0.99658203125,-0.18310546875,0.0,0.0,-23.99023199023199,857.6507936507936,-184.42490842490844
113,1,1,2,387,10,0.03076171875,0.037109375,1.0078125,-0.244140625,-0.1220703125,0.0,-29.987789987789988,833.6605616605617,-172.42979242979243
114,1,1,2,397,10,0.021484375,0.02978515625,1.01611328125,0.0,-0.1220703125,0.06103515625,-35.985347985347985,869.6459096459097,-184.42490842490844
115,1,1,2,407,10,0.03271484375,0.03466796875,0.998046875,-0.1220703125,0.06103515625,0.06103515625,-28.488400488400487,844.1562881562882,-167.93162393162393
116,1,1,2,417,10,0.03076171875,0.03125,1.01220703125,-0.1220703125,0.0,0.0,-19.492063492063494,830.6617826617827,-175.42857142857142
117,1,1,2,427,10,0.0302734375,0.03515625,0.9892578125,-0.1220703125,-0.06103515625,-0.18310546875,-22.49084249084249,827.6630036630037,-175.42857142857142
118,1,1,2,437,10,0.0341796875,0.04443359375,0.9990234375,-0.06103515625,-0.1220703125,0.06103515625,-34.485958485958484,853.1526251526252,-172.42979242979243
119,1,1,2,447,10,0.0302734375,0.04052734375,1.00146484375,-0.06103515625,-0.06103515625,0.0,-13.494505494505495,850.1538461538462,-191.92185592185592
120,1,1,2,457,10,0.0322265625,0.0322265625,1.013671875,0.0,0.18310546875,0.0,-26.98901098901099,841.1575091575091,-158.93528693528694
121,1,1,2,467,10,0.02587890625,0.029296875,0.998046875,0.0,0.0,0.0,-23.99023199023199,847.1550671550672,-178.42735042735043
122,1,1,2,477,10,0.0234375,0.03564453125,1.0107421875,0.0,0.0,0.18310546875,-37.48473748473749,838.1587301587301,-179.9267399267399
123,1,1,2,487,10,0.02978515625,0.0322265625,1.0166015625,0.1220703125,0.0,0.18310546875,-34.485958485958484,841.1575091575091,-169.43101343101344
124,1,1,2,497,10,0.029296875,0.0341796875,1.005859375,0.0,0.0,-0.30517578125,-31.48717948717949,844.1562881562882,-173.92918192918194
125,1,1,2,507,10,0.02734375,0.033203125,1.00830078125,-0.18310546875,0.1220703125,-0.06103515625,-22.49084249084249,838.1587301587301,-172.42979242979243
126,1,1,2,517,10,0.02978515625,0.03369140625,1.021484375,-0.06103515625,-0.06103515625,-0.06103515625,-29.987789987789988,833.6605616605617,-161.93406593406593
127,1,1,2,527,10,0.03076171875,0.04248046875,1.00732421875,0.06103515625,0.0,0.0,-29.987789987789988,845.6556776556777,-172.42979242979243
128,1,1,2,537,10,0.0322265625,0.04150390625,1.0244140625,0.0,0.06103515625,0.18310546875,-19.492063492063494,830.6617826617827,-175.42857142857142
129,1,1,2,547,10,0.0234375,0.04736328125,1.009765625,-0.18310546875,0.18310546875,0.18310546875,-31.48717948717949,857.6507936507936,-181.42612942612942
130,1,1,2,557,10,0.03076171875,0.03759765625,1.0126953125,-0.1220703125,0.244140625,0.18310546875,-46.48107448107448,844.1562881562882,-170.93040293040292
131,1,1,2,567,10,0.0234375,0.04052734375,1.02099609375,-0.244140625,0.30517578125,0.0,-35.985347985347985,839.6581196581196,-170.93040293040292
132,1,1,2,577,10,0.0263671875,0.03759765625,1.0107421875,-0.244140625,0.1220703125,0.1220703125,-37.48473748473749,845.6556776556777,-182.92551892551893
133,1,1,2,587,10,0.01806640625,0.033203125,1.01416015625,-0.3662109375,0.1220703125,0.06103515625,-35.985347985347985,829.1623931623932,-188.92307692307693
134,1,1,2,597,10,0.03271484375,0.03466796875,1.015625,-0.54931640625,0.1220703125,0.06103515625,-37.48473748473749,845.6556776556777,-203.91697191697193
135,1,1,2,607,10,0.0283203125,0.03271484375,1.02392578125,-0.18310546875,0.06103515625,0.0,-43.482295482295484,829.1623931623932,-178.42735042735043
136,1,1,2,617,10,0.0322265625,0.0322265625,1.0146484375,-0.18310546875,0.0,0.0,-38.98412698412699,844.1562881562882,-160.43467643467645
137,1,1,2,627,10,0.03515625,0.02880859375,1.009765625,-0.1220703125,-0.06103515625,0.0,-8.996336996336996,848.6544566544567,-179.9267399267399
138,1,1,2,637,10,0.02734375,0.03759765625,1.01708984375,-0.1220703125,0.0,0.1220703125,-37.48473748473749,848.6544566544567,-185.92429792429792
139,1,1,2,647,10,0.0283203125,0.0341796875,1.0078125,-0.18310546875,0.06103515625,0.0,-40.48351648351648,853.1526251526252,-179.9267399267399
140,1,1,2,657,10,0.03369140625,0.0361328125,1.00732421875,-0.06103515625,0.18310546875,0.0,-28.488400488400487,832.1611721611722,-178.42735042735043
141,1,1,2,667,10,0.02734375,0.03125,1.01708984375,-0.244140625,0.06103515625,0.06103515625,-31.48717948717949,836.6593406593406,-191.92185592185592
142,1,1,2,677,10,0.0390625,0.03466796875,1.0078125,0.0,-0.06103515625,0.0,-34.485958485958484,845.6556776556777,-193.42124542124543
143,1,1,2,687,10,0.03125,0.03662109375,1.0009765625,-0.06103515625,0.06103515625,0.0,-31.48717948717949,836.6593406593406,-181.42612942612942
144,1,1,2,697,10,0.03271484375,0.04150390625,1.0087890625,-0.06103515625,-0.06103515625,0.18310546875,-23.99023199023199,832.1611721611722,-167.93162393162393
145,1,1,2,707,10,0.02880859375,0.0341796875,0.99951171875,0.0,-0.1220703125,0.0,-34.485958485958484,845.6556776556777,-172.42979242979243
146,1,1,2,717,10,0.03369140625,0.04052734375,1.01025390625,0.0,0.0,0.244140625,-38.98412698412699,839.6581196581196,-184.42490842490844
147,1,1,2,727,10,0.03125,0.0322265625,0.9921875,0.0,-0.06103515625,0.1220703125,-17.992673992673993,850.1538461538462,-173.92918192918194
148,1,1,2,737,10,0.02880859375,0.046875,1.001953125,0.0,0.0,0.06103515625,-28.488400488400487,824.6642246642247,-199.4188034188034
149,1,1,2,747,10,0.0302734375,0.0400390625,1.00634765625,0.06103515625,0.0,-0.06103515625,-29.987789987789988,848.6544566544567,-182.92551892551893
150,1,1,2,757,10,0.02880859375,0.0361328125,1.00927734375,0.0,0.0,0.06103515625,-28.488400488400487,850.1538461538462,-191.92185592185592
151,1,1,2,767,10,0.02880859375,0.03271484375,0.99267578125,-0.06103515625,0.06103515625,0.0,-43.482295482295484,847.1550671550672,-178.42735042735043
152,1,1,2,777,10,0.025390625,0.041015625,1.0029296875,0.0,0.18310546875,0.06103515625,-35.985347985347985,832.1611721611722,-173.92918192918194
153,1,1,2,787,10,0.02490234375,0.03564453125,1.00146484375,0.1220703125,0.0,0.0,-46.48107448107448,836.6593406593406,-173.92918192918194
154,1,1,2,797,10,0.02099609375,0.0302734375,1.0166015625,-0.06103515625,0.18310546875,0.0,-35.985347985347985,854.6520146520146,-170.93040293040292
155,1,1,2,807,10,0.02490234375,0.0390625,1.0009765625,-0.18310546875,0.244140625,0.0,-26.98901098901099,848.6544566544567,-182.92551892551893
156,1,1,2,817,10,0.03369140625,0.029296875,1.01123046875,-0.18310546875,0.06103515625,0.1220703125,-20.99145299145299,844.1562881562882,-178.42735042735043
157,1,1,2,827,10,0.03076171875,0.04541015625,1.01806640625,-0.30517578125,0.1220703125,0.0,-44.98168498168498,841.1575091575091,-179.9267399267399
158,1,1,2,837,10,0.0361328125,0.03271484375,1.01318359375,-0.244140625,0.244140625,0.06103515625,-26.98901098901099,845.6556776556777,-185.92429792429792
159,1,1,2,847,10,0.03271484375,0.03955078125,1.0126953125,-0.3662109375,0.0,0.06103515625,-34.485958485958484,845.6556776556777,-185.92429792429792
160,1,1,2,857,10,0.02294921875,0.0263671875,1.01123046875,0.0,0.06103515625,0.1220703125,-29.987789987789988,848.6544566544567,-175.42857142857142
161,1,1,2,867,10,0.02783203125,0.025390625,1.00927734375,-0.06103515625,0.06103515625,0.0,-22.49084249084249,838.1587301587301,-182.92551892551893
162,1,1,2,877,10,0.03466796875,0.03369140625,1.01806640625,-0.244140625,-0.18310546875,0.0,-23.99023199023199,850.1538461538462,-188.92307692307693
163,1,1,2,887,10,0.02978515625,0.03759765625,1.01708984375,-0.30517578125,-0.1220703125,0.06103515625,-37.48473748473749,838.1587301587301,-175.42857142857142
164,1,1,2,897,10,0.02978515625,0.03662109375,1.00390625,-0.18310546875,0.0,0.0,-28.488400488400487,857.6507936507936,-199.4188034188034
165,1,1,2,907,10,0.021484375,0.0322265625,1.01025390625,0.0,0.0,0.0,-28.488400488400487,839.6581196581196,-181.42612942612942
166,1,1,2,917,10,0.01953125,0.029296875,1.0107421875,0.06103515625,-0.1220703125,0.18310546875,-58.476190476190474,845.6556776556777,-185.92429792429792
167,1,1,2,927,10,0.0302734375,0.03271484375,0.98779296875,-0.06103515625,0.06103515625,0.06103515625,-34.485958485958484,838.1587301587301,-185.92429792429792
168,1,1,2,937,10,0.0302734375,0.0400390625,1.00390625,0.1220703125,-0.1220703125,-0.06103515625,-26.98901098901099,838.1587301587301,-179.9267399267399
169,1,1,2,947,10,0.02490234375,0.03662109375,1.0087890625,0.1220703125,0.1220703125,0.30517578125,-34.485958485958484,833.6605616605617,-169.43101343101344
170,1,1,2,957,10,0.02783203125,0.0380859375,1.0078125,0.244140625,0.06103515625,-0.1220703125,-34.485958485958484,838.1587301587301,-175.42857142857142
171,1,1,2,967,10,0.0302734375,0.04541015625,1.0009765625,0.244140625,0.0,0.0,-40.48351648351648,838.1587301587301,-179.9267399267399
172,1,1,2,977,10,0.02783203125,0.0322265625,1.00634765625,-0.06103515625,0.06103515625,0.0,-10.495726495726496,836.6593406593406,-191.92185592185592
173,1,1,2,987,10,0.02490234375,0.033203125,1.01318359375,0.18310546875,0.06103515625,0.0,-31.48717948717949,839.6581196581196,-199.4188034188034
174,1,1,2,997,10,0.0224609375,0.0400390625,1.0146484375,0.06103515625,0.0,-0.06103515625,-31.48717948717949,832.1611721611722,-170.93040293040292
175,1,1,3,7,10,0.0263671875,0.0361328125,1.0107421875,-0.06103515625,0.0,0.0,-20.99145299145299,850.1538461538462,-170.93040293040292
176,1,1,3,17,10,0.02978515625,0.03466796875,1.00830078125,0.0,0.06103515625,0.0,-28.488400488400487,850.1538461538462,-167.93162393162393
177,1,1,3,27,10,0.029296875,0.03955078125,1.01416015625,-0.06103515625,0.1220703125,0.0,-28.488400488400487,854.6520146520146,-181.42612942612942
178,1,1,3,37,10,0.02392578125,0.03662109375,1.01904296875,0.06103515625,0.06103515625,0.0,-37.48473748473749,845.6556776556777,-175.42857142857142
179,1,1,3,47,10,0.02099609375,0.0322265625,1.01611328125,0.0,0.244140625,0.0,-43.482295482295484,844.1562881562882,-194.9206349206349
180,1,1,3,57,10,0.02978515625,0.03662109375,1.00390625,0.0,0.1220703125,0.06103515625,-28.488400488400487,824.6642246642247,-181.42612942612942
181,1,1,3,67,10,0.03564453125,0.02685546875,1.0205078125,-0.1220703125,0.06103515625,0.0,-22.49084249084249,848.6544566544567,-193.42124542124543
182,1,1,3,77,10,0.02734375,0.04150390625,1.015625,-0.1220703125,0.1220703125,0.244140625,-35.985347985347985,844.1562881562882,-173.92918192918194
183,1,1,3,87,10,0.025390625,0.04052734375,1.01025390625,-0.244140625,0.3662109375,0.0,-38.98412698412699,854.6520146520146,-191.92185592185592
184,1,1,3,97,10,0.02490234375,0.033203125,1.017578125,-0.18310546875,0.06103515625,0.06103515625,-17.992673992673993,832.1611721611722,-152.93772893772893
185,1,1,3,107,10,0.0283203125,0.033203125,1.0166015625,-0.06103515625,0.0,0.0,-34.485958485958484,833.6605616605617,-172.42979242979243
186,1,1,3,117,10,0.0263671875,0.0322265625,1.0224609375,0.0,0.06103515625,0.06103515625,-22.49084249084249,830.6617826617827,-179.9267399267399
187,1,1,3,127,10,0.0283203125,0.03759765625,1.00244140625,-0.18310546875,0.0,0.18310546875,-46.48107448107448,836.6593406593406,-184.42490842490844
188,1,1,3,137,10,0.0302734375,0.037109375,1.0126953125,-0.30517578125,0.0,0.0,-26.98901098901099,838.1587301587301,-193.42124542124543
189,1,1,3,147,10,0.03369140625,0.03662109375,1.0107421875,-0.06103515625,0.1220703125,0.06103515625,-46.48107448107448,850.1538461538462,-173.92918192918194
190,1,1,3,157,10,0.0244140625,0.0400390625,1.00927734375,-0.06103515625,0.0,0.1220703125,-40.48351648351648,841.1575091575091,-190.4224664224664
191,1,1,3,167,10,0.037109375,0.033203125,1.0048828125,0.06103515625,-0.06103515625,0.244140625,-28.488400488400487,824.6642246642247,-191.92185592185592
192,1,1,3,177,10,0.03759765625,0.03466796875,1.0244140625,-0.06103515625,0.0,0.1220703125,-38.98412698412699,839.6581196581196,-170.93040293040292
193,1,1,3,187,10,0.029296875,0.04150390625,1.00146484375,0.0,0.18310546875,0.06103515625,-40.48351648351648,841.1575091575091,-185.92429792429792
194,1,1,3,197,10,0.02978515625,0.0361328125,1.00048828125,0.0,0.0,-0.06103515625,-34.485958485958484,833.6605616605617,-182.92551892551893
195,1,1,3,207,10,0.021484375,0.0341796875,1.00341796875,0.0,0.06103515625,0.244140625,-43.482295482295484,844.1562881562882,-163.43345543345544
196,1,1,3,217,10,0.02978515625,0.033203125,1.00732421875,0.0,-0.1220703125,0.1220703125,-23.99023199023199,844.1562881562882,-184.42490842490844
197,1,1,3,227,10,0.025390625,0.0283203125,1.01416015625,0.06103515625,0.0,0.0,-38.98412698412699,832.1611721611722,-181.42612942612942
198,1,1,3,237,10,0.025390625,0.0400390625,1.03173828125,0.06103515625,0.18310546875,0.0,-47.98046398046398,841.1575091575091,-175.42857142857142
199,1,1,3,247,10,0.02587890625,0.03173828125,1.01416015625,0.06103515625,0.1220703125,0.0,-23.99023199023199,836.6593406593406,-170.93040293040292
200,1,1,3,257,10,0.0263671875,0.03515625,1.005859375,0.0,0.1220703125,0.0,-23.99023199023199,832.1611721611722,-167.93162393162393
201,1,1,3,267,10,0.03076171875,0.037109375,1.01708984375,0.0,0.0,0.0,-10.495726495726496,844.1562881562882,-173.92918192918194
202,1,1,3,277,10,0.02880859375,0.03271484375,1.02197265625,0.0,0.0,-0.1220703125,-31.48717948717949,839.6581196581196,-184.42490842490844
203,1,1,3,287,10,0.0244140625,0.03515625,1.00537109375,-0.1220703125,0.30517578125,0.0,-34.485958485958484,838.1587301587301,-175.42857142857142
204,1,1,3,297,10,0.021484375,0.04248046875,1.01123046875,-0.18310546875,0.30517578125,0.06103515625,-20.99145299145299,839.6581196581196,-178.42735042735043
205,1,1,3,307,10,0.021484375,0.03173828125,1.01611328125,-0.48828125,0.1220703125,0.06103515625,-34.485958485958484,838.1587301587301,-185.92429792429792
206,1,1,3,317,10,0.0263671875,0.03271484375,1.02099609375,0.0,0.0,0.06103515625,-34.485958485958484,830.6617826617827,-190.4224664224664
207,1,1,3,327,10,0.021484375,0.0400390625,1.02685546875,0.0,0.30517578125,0.1220703125,-34.485958485958484,838.1587301587301,-182.92551892551893
208,1,1,3,337,10,0.029296875,0.03515625,1.02294921875,-0.244140625,0.1220703125,0.06103515625,-31.48717948717949,847.1550671550672,-178.42735042735043
209,1,1,3,347,10,0.02783203125,0.04052734375,1.0029296875,-0.244140625,0.06103515625,0.0,-23.99023199023199,847.1550671550672,-173.92918192918194
210,1,1,3,357,10,0.037109375,0.0361328125,1.001953125,-0.1220703125,0.0,0.0,-29.987789987789988,848.6544566544567,-175.42857142857142
211,1,1,3,367,10,0.03076171875,0.03173828125,1.0146484375,-0.1220703125,0.0,0.18310546875,-35.985347985347985,836.6593406593406,-170.93040293040292
212,1,1,3,377,10,0.03173828125,0.03173828125,1.01708984375,-0.30517578125,0.0,0.06103515625,-20.99145299145299,829.1623931623932,-191.92185592185592
213,1,1,3,387,10,0.02880859375,0.03955078125,1.0029296875,-0.1220703125,0.06103515625,0.18310546875,-31.48717948717949,832.1611721611722,-178.42735042735043
214,1,1,3,397,10,0.029296875,0.03369140625,1.005859375,-0.18310546875,0.0,0.18310546875,-28.488400488400487,850.1538461538462,-184.42490842490844
215,1,1,3,407,10,0.02978515625,0.0400390625,1.0146484375,-0.18310546875,0.0,0.06103515625,-37.48473748473749,848.6544566544567,-169.43101343101344
216,1,1,3,417,10,0.03271484375,0.0322265625,1.00146484375,-0.1220703125,0.06103515625,0.0,-29.987789987789988,838.1587301587301,-169.43101343101344
217,1,1,3,427,10,0.02392578125,0.04150390625,0.9951171875,0.0,0.0,0.06103515625,-29.987789987789988,848.6544566544567,-190.4224664224664
218,1,1,3,437,10,0.03564453125,0.044921875,1.00390625,0.0,0.06103515625,-0.06103515625,-34.485958485958484,830.6617826617827,-179.9267399267399
219,1,1,3,447,10,0.037109375,0.037109375,1.00537109375,0.0,-0.1220703125,0.1220703125,-34.485958485958484,838.1587301587301,-169.43101343101344
220,1,1,3,457,10,0.03564453125,0.0361328125,0.99462890625,0.0,-0.1220703125,0.1220703125,-29.987789987789988,848.6544566544567,-175.42857142857142
221,1,1,3,467,10,0.03369140625,0.04736328125,1.0048828125,0.0,0.0,0.0,-52.47863247863248,856.1514041514041,-182.92551892551893
222,1,1,3,477,10,0.0283203125,0.0380859375,0.998046875,0.06103515625,0.0,0.244140625,-49.47985347985348,836.6593406593406,-184.42490842490844
223,1,1,3,487,10,0.0185546875,0.03955078125,1.00146484375,0.18310546875,0.18310546875,0.0,-37.48473748473749,827.6630036630037,-185.92429792429792
224,1,1,3,497,10,0.041015625,0.03759765625,1.013671875,0.0,0.244140625,0.0,-26.98901098901099,856.1514041514041,-182.92551892551893
225,1,1,3,507,10,0.02978515625,0.03369140625,1.02685546875,0.06103515625,0.1220703125,0.18310546875,-31.48717948717949,847.1550671550672,-173.92918192918194
226,1,1,3,517,10,0.0302734375,0.0390625,1.0107421875,-0.06103515625,-0.1220703125,0.1220703125,-31.48717948717949,839.6581196581196,-173.92918192918194
227,1,1,3,527,10,0.025390625,0.04443359375,1.02685546875,-0.1220703125,0.0,0.0,-26.98901098901099,848.6544566544567,-182.92551892551893
228,1,1,3,537,10,0.025390625,0.03369140625,1.01318359375,-0.1220703125,0.30517578125,0.0,-31.48717948717949,832.1611721611722,-178.42735042735043
229,1,1,3,547,10,0.02783203125,0.03369140625,1.01318359375,-0.1220703125,0.0,0.18310546875,-35.985347985347985,844.1562881562882,-194.9206349206349
230,1,1,3,557,10,0.02734375,0.03564453125,1.0224609375,-0.1220703125,0.0,0.1220703125,-20.99145299145299,836.6593406593406,-184.42490842490844
231,1,1,3,567,10,0.03271484375,0.02685546875,1.0087890625,-0.3662109375,0.0,0.18310546875,-28.488400488400487,857.6507936507936,-181.42612942612942
232,1,1,3,577,10,0.02734375,0.03564453125,1.0078125,0.0,0.244140625,0.0,-17.992673992673993,850.1538461538462,-178.42735042735043
233,1,1,3,587,10,0.03125,0.03369140625,1.02392578125,-0.30517578125,0.1220703125,0.0,-35.985347985347985,847.1550671550672,-173.92918192918194
234,1,1,3,597,10,0.02783203125,0.02685546875,1.01708984375,-0.18310546875,0.0,0.06103515625,-31.48717948717949,862.1489621489621,-181.42612942612942
235,1,1,3,607,10,0.02880859375,0.03125,1.01611328125,-0.30517578125,0.0,0.0,-38.98412698412699,844.1562881562882,-178.42735042735043
236,1,1,3,617,10,0.03125,0.03515625,1.001953125,-0.18310546875,0.1220703125,0.1220703125,-35.985347985347985,836.6593406593406,-181.42612942612942
237,1,1,3,627,10,0.029296875,0.03759765625,1.01708984375,-0.30517578125,0.0,-0.06103515625,-43.482295482295484,847.1550671550672,-178.42735042735043
238,1,1,3,637,10,0.0361328125,0.0390625,0.9990234375,-0.18310546875,-0.1220703125,0.06103515625,-40.48351648351648,827.6630036630037,-179.9267399267399
239,1,1,3,647,10,0.03564453125,0.03125,1.01708984375,-0.244140625,-0.1220703125,0.06103515625,-31.48717948717949,847.1550671550672,-178.42735042735043
240,1,1,3,657,10,0.03662109375,0.0341796875,1.01220703125,-0.06103515625,-0.18310546875,0.1220703125,-26.98901098901099,845.6556776556777,-179.9267399267399
241,1,1,3,667,10,0.029296875,0.04150390625,0.99365234375,-0.18310546875,-0.06103515625,-0.06103515625,-28.488400488400487,844.1562881562882,-170.93040293040292
242,1,1,3,677,10,0.02783203125,0.0390625,1.00732421875,-0.18310546875,-0.06103515625,-0.1220703125,-31.48717948717949,844.1562881562882,-188.92307692307693
243,1,1,3,687,10,0.02490234375,0.03515625,1.00390625,-0.06103515625,-0.1220703125,0.1220703125,-23.99023199023199,847.1550671550672,-178.42735042735043
244,1,1,3,697,10,0.03564453125,0.03369140625,1.01220703125,-0.18310546875,-0.1220703125,0.1220703125,-23.99023199023199,839.6581196581196,-178.42735042735043
245,1,1,3,707,10,0.03271484375,0.03369140625,1.00146484375,0.0,-0.06103515625,-0.1220703125,-46.48107448107448,865.1477411477412,-173.92918192918194
246,1,1,3,717,10,0.02001953125,0.03466796875,1.0107421875,-0.1220703125,0.0,0.06103515625,-37.48473748473749,848.6544566544567,-185.92429792429792
247,1,1,3,727,10,0.0263671875,0.0361328125,1.0078125,0.0,0.1220703125,0.1220703125,-31.48717948717949,832.1611721611722,-184.42490842490844
248,1,1,3,737,10,0.0302734375,0.0322265625,1.00732421875,-0.06103515625,0.0,0.0,-35.985347985347985,829.1623931623932,-188.92307692307693
249,1,1,3,747,10,0.03662109375,0.0390625,1.013671875,-0.1220703125,0.06103515625,0.1220703125,-44.98168498168498,823.1648351648352,-172.42979242979243
250,1,1,3,757,10,0.02734375,0.0341796875,1.00634765625,0.06103515625,0.0,0.18310546875,-28.488400488400487,836.6593406593406,-170.93040293040292
251,1,1,3,767,10,0.0302734375,0.0361328125,1.00732421875,0.06103515625,0.0,0.0,-20.99145299145299,847.1550671550672,-170.93040293040292
252,1,1,3,777,10,0.03271484375,0.03515625,1.03125,0.0,0.1220703125,-0.06103515625,-22.49084249084249,838.1587301587301,-169.43101343101344
253,1,1,3,787,10,0.025390625,0.03466796875,1.0126953125,-0.244140625,0.1220703125,0.0,-19.492063492063494,841.1575091575091,-182.92551892551893
254,1,1,3,797,10,0.03271484375,0.02734375,1.0048828125,-0.06103515625,0.1220703125,0.0,-38.98412698412699,832.1611721611722,-194.9206349206349
255,1,1,3,807,10,0.02783203125,0.0322265625,1.00830078125,-0.18310546875,0.18310546875,0.0,-37.48473748473749,853.1526251526252,-175.42857142857142
256,1,1,3,817,10,0.025390625,0.04150390625,1.01806640625,-0.244140625,0.0,0.06103515625,-23.99023199023199,839.6581196581196,-178.42735042735043
257,1,1,3,827,10,0.02587890625,0.029296875,1.0166015625,-0.06103515625,0.30517578125,0.0,-31.48717948717949,839.6581196581196,-173.92918192918194
258,1,1,3,837,10,0.02587890625,0.0341796875,1.015625,-0.244140625,0.06103515625,0.244140625,-38.98412698412699,839.6581196581196,-181.42612942612942
259,1,1,3,847,10,0.0263671875,0.0263671875,1.01025390625,-0.244140625,-0.1220703125,0.244140625,-23.99023199023199,847.1550671550672,-163.43345543345544
260,1,1,3,857,10,0.02490234375,0.03369140625,1.00732421875,-0.18310546875,0.06103515625,0.1220703125,-40.48351648351648,838.1587301587301,-182.92551892551893
261,1,1,3,867,10,0.02587890625,0.03271484375,1.00927734375,-0.42724609375,0.0,0.06103515625,-38.98412698412699,847.1550671550672,-184.42490842490844
262,1,1,3,877,10,0.0341796875,0.033203125,1.001953125,-0.42724609375,0.0,0.06103515625,-29.987789987789988,845.6556776556777,-182.92551892551893
263,1,1,3,887,10,0.02880859375,0.0302734375,1.01025390625,-0.244140625,-0.06103515625,0.0,-26.98901098901099,848.6544566544567,-185.92429792429792
264,1,1,3,897,10,0.03369140625,0.0302734375,1.0146484375,-0.1220703125,-0.06103515625,-0.06103515625,-20.99145299145299,829.1623931623932,-173.92918192918194
265,1,1,3,907,10,0.0283203125,0.03662109375,1.0029296875,0.0,0.0,0.0,-38.98412698412699,839.6581196581196,-191.92185592185592
266,1,1,3,917,10,0.03271484375,0.03955078125,0.994140625,-0.1220703125,-0.18310546875,-0.1220703125,-34.485958485958484,845.6556776556777,-172.42979242979243
267,1,1,3,927,10,0.0283203125,0.0439453125,1.01318359375,0.0,-0.1220703125,0.0,-31.48717948717949,836.6593406593406,-184.42490842490844
268,1,1,3,937,10,0.02783203125,0.03515625,1.005859375,-0.06103515625,0.06103515625,-0.06103515625,-31.48717948717949,839.6581196581196,-181.42612942612942
269,1,1,3,947,10,0.03564453125,0.04052734375,0.99169921875,-0.1220703125,-0.06103515625,0.0,-23.99023199023199,844.1562881562882,-181.42612942612942
270,1,1,3,957,10,0.0263671875,0.0380859375,0.99951171875,0.0,0.0,0.0,-29.987789987789988,833.6605616605617,-193.42124542124543
271,1,1,3,967,10,0.03515625,0.02978515625,0.99169921875,0.0,0.0,0.0,-35.985347985347985,844.1562881562882,-184.42490842490844
272,1,1,3,977,10,0.02783203125,0.0380859375,0.99853515625,-0.06103515625,0.18310546875,-0.06103515625,-22.49084249084249,838.1587301587301,-172.42979242979243
273,1,1,3,987,10,0.025390625,0.0380859375,0.99462890625,0.06103515625,0.0,0.1220703125,-31.48717948717949,839.6581196581196,-170.93040293040292
274,1,1,3,997,10,0.0263671875,0.0361328125,0.9970703125,0.244140625,0.06103515625,0.18310546875,-40.48351648351648,841.1575091575091,-175.42857142857142
275,1,1,4,7,10,0.02734375,0.037109375,1.01025390625,-0.06103515625,0.0,0.1220703125,-34.485958485958484,841.1575091575091,-175.42857142857142
276,1,1,4,17,10,0.02197265625,0.0380859375,1.01416015625,0.0,0.18310546875,0.0,-19.492063492063494,853.1526251526252,-185.92429792429792
277,1,1,4,27,10,0.02099609375,0.041015625,1.017578125,0.18310546875,0.1220703125,-0.06103515625,-44.98168498168498,853.1526251526252,-190.4224664224664
278,1,1,4,37,10,0.03173828125,0.0361328125,0.99951171875,0.0,0.0,0.18310546875,-19.492063492063494,830.6617826617827,-185.92429792429792
279,1,1,4,47,10,0.02783203125,0.029296875,0.99365234375,-0.1220703125,0.0,0.0,-31.48717948717949,824.6642246642247,-167.93162393162393
280,1,1,4,57,10,0.03271484375,0.041015625,1.0234375,-0.244140625,0.0,0.18310546875,-34.485958485958484,860.6495726495726,-164.93284493284494
281,1,1,4,67,10,0.03564453125,0.029296875,1.03173828125,-0.18310546875,0.244140625,0.30517578125,-35.985347985347985,836.6593406593406,-178.42735042735043
282,1,1,4,77,10,0.021484375,0.02734375,1.0126953125,-0.244140625,0.30517578125,0.0,-20.99145299145299,829.1623931623932,-181.42612942612942
283,1,1,4,87,10,0.02880859375,0.02880859375,1.0087890625,-0.244140625,0.0,0.1220703125,-28.488400488400487,839.6581196581196,-173.92918192918194
284,1,1,4,97,10,0.02587890625,0.0322265625,1.01025390625,-0.30517578125,-0.06103515625,0.0,-35.985347985347985,847.1550671550672,-181.42612942612942
285,1,1,4,107,10,0.02880859375,0.03515625,1.0244140625,-0.18310546875,-0.18310546875,0.1220703125,-44.98168498168498,830.6617826617827,-190.4224664224664
286,1,1,4,117,10,0.0244140625,0.0283203125,1.0263671875,-0.244140625,0.0,0.0,-40.48351648351648,838.1587301587301,-179.9267399267399
287,1,1,4,127,10,0.03173828125,0.03515625,1.01708984375,-0.244140625,0.0,-0.06103515625,-22.49084249084249,830.6617826617827,-175.42857142857142
288,1,1,4,137,10,0.02880859375,0.0302734375,1.01904296875,-0.3662109375,-0.06103515625,0.0,-26.98901098901099,853.1526251526252,-175.42857142857142
289,1,1,4,147,10,0.0341796875,0.03125,0.994140625,0.0,-0.1220703125,0.06103515625,-14.993894993894994,841.1575091575091,-179.9267399267399
290,1,1,4,157,10,0.03369140625,0.02490234375,1.009765625,-0.18310546875,0.0,0.1220703125,-31.48717948717949,832.1611721611722,-184.42490842490844
291,1,1,4,167,10,0.02880859375,0.0390625,1.01904296875,-0.1220703125,0.18310546875,0.06103515625,-17.992673992673993,844.1562881562882,-163.43345543345544
292,1,1,4,177,10,0.03271484375,0.03466796875,1.0087890625,0.0,0.0,0.0,-37.48473748473749,845.6556776556777,-175.42857142857142
293,1,1,4,187,10,0.0302734375,0.033203125,0.9970703125,0.0,-0.1220703125,0.0,-44.98168498168498,833.6605616605617,-179.9267399267399
294,1,1,4,197,10,0.025390625,0.041015625,1.00927734375,0.06103515625,-0.244140625,0.1220703125,-29.987789987789988,848.6544566544567,-172.42979242979243
295,1,1,4,207,10,0.02734375,0.0390625,1.009765625,0.06103515625,0.0,0.244140625,-8.996336996336996,845.6556776556777,-172.42979242979243
296,1,1,4,217,10,0.0263671875,0.0390625,1.00244140625,0.0,0.06103515625,0.0,-28.488400488400487,847.1550671550672,-178.42735042735043
297,1,1,4,227,10,0.029296875,0.0341796875,1.00732421875,0.1220703125,0.1220703125,0.0,-44.98168498168498,845.6556776556777,-182.92551892551893
298,1,1,4,237,10,0.0322265625,0.03466796875,1.009765625,0.0,0.06103515625,0.1220703125,-26.98901098901099,853.1526251526252,-172.42979242979243
299,1,1,4,247,10,0.02880859375,0.0302734375,1.02099609375,-0.06103515625,0.0,0.0,-31.48717948717949,836.6593406593406,-178.42735042735043
300,1,1,4,257,10,0.025390625,0.03662109375,1.01220703125,0.0,0.1220703125,0.0,-38.98412698412699,836.6593406593406,-178.42735042735043
301,1,1,4,267,10,0.021484375,0.0361328125,1.021484375,0.06103515625,0.18310546875,0.0,-35.985347985347985,844.1562881562882,-178.42735042735043
302,1,1,4,277,10,0.037109375,0.041015625,1.00830078125,0.0,0.1220703125,0.0,-37.48473748473749,833.6605616605617,-190.4224664224664
303,1,1,4,287,10,0.03125,0.025390625,1.01025390625,0.1220703125,0.0,0.0,-46.48107448107448,839.6581196581196,-178.42735042735043
304,1,1,4,297,10,0.02880859375,0.03369140625,1.01416015625,-0.1220703125,0.1220703125,0.0,-13.494505494505495,839.6581196581196,-173.92918192918194
305,1,1,4,307,10,0.03076171875,0.0380859375,1.00341796875,-0.06103515625,-0.06103515625,0.1220703125,-28.488400488400487,829.1623931623932,-170.93040293040292
306,1,1,4,317,10,0.021484375,0.0439453125,1.0087890625,-0.30517578125,0.0,0.1220703125,-23.99023199023199,839.6581196581196,-181.42612942612942
307,1,1,4,327,10,0.02587890625,0.02587890625,1.029296875,-0.244140625,0.06103515625,0.0,-28.488400488400487,847.1550671550672,-173.92918192918194
308,1,1,4,337,10,0.04248046875,0.033203125,1.021484375,-0.244140625,0.0,-0.06103515625,-37.48473748473749,833.6605616605617,-175.42857142857142
309,1,1,4,347,10,0.0302734375,0.02978515625,0.99365234375,0.0,-0.06103515625,0.06103515625,-28.488400488400487,832.1611721611722,-188.92307692307693
310,1,1,4,357,10,0.03271484375,0.03955078125,1.0263671875,-0.42724609375,0.06103515625,0.0,-37.48473748473749,841.1575091575091,-179.9267399267399
311,1,1,4,367,10,0.02294921875,0.03564453125,1.015625,-0.30517578125,0.1220703125,0.0,-35.985347985347985,818.6666666666666,-181.42612942612942
312,1,1,4,377,10,0.0341796875,0.029296875,1.00830078125,-0.1220703125,-0.06103515625,0.0,-35.985347985347985,829.1623931623932,-181.42612942612942
313,1,1,4,387,10,0.0283203125,0.02685546875,0.9990234375,-0.244140625,0.06103515625,0.1220703125,-28.488400488400487,832.1611721611722,-178.42735042735043
314,1,1,4,397,10,0.03173828125,0.025390625,0.9892578125,-0.30517578125,-0.1220703125,0.18310546875,-22.49084249084249,838.1587301587301,-172.42979242979243
315,1,1,4,407,10,0.02392578125,0.03515625,1.01220703125,-0.30517578125,-0.06103515625,0.0,-43.482295482295484,847.1550671550672,-184.42490842490844
316,1,1,4,417,10,0.03271484375,0.03955078125,1.0087890625,-0.1220703125,0.0,0.06103515625,-26.98901098901099,827.6630036630037,-175.42857142857142
317,1,1,4,427,10,0.0263671875,0.041015625,1.0029296875,-0.1220703125,-0.06103515625,0.0,-28.488400488400487,854.6520146520146,-178.42735042735043
318,1,1,4,437,10,0.02978515625,0.03173828125,0.99609375,0.1220703125,-0.1220703125,0.0,-29.987789987789988,833.6605616605617,-185.92429792429792
319,1,1,4,447,10,0.02392578125,0.04150390625,1.001953125,0.1220703125,-0.06103515625,0.06103515625,-37.48473748473749,833.6605616605617,-182.92551892551893
320,1,1,4,457,10,0.0322265625,0.0341796875,0.9990234375,0.06103515625,0.06103515625,0.0,-23.99023199023199,824.6642246642247,-167.93162393162393
321,1,1,4,467,10,0.02490234375,0.03759765625,1.02392578125,0.06103515625,-0.06103515625,-0.06103515625,-26.98901098901099,856.1514041514041,-164.93284493284494
322,1,1,4,477,10,0.0234375,0.03759765625,1.0126953125,0.1220703125,0.06103515625,0.0,-31.48717948717949,829.1623931623932,-170.93040293040292
323,1,1,4,487,10,0.03515625,0.0341796875,1.0009765625,0.18310546875,0.0,0.0,-19.492063492063494,848.6544566544567,-179.9267399267399
324,1,1,4,497,10,0.02783203125,0.0380859375,1.0126953125,0.06103515625,0.1220703125,0.0,-29.987789987789988,848.6544566544567,-185.92429792429792
325,1,1,4,507,10,0.02880859375,0.03369140625,1.0224609375,0.06103515625,0.18310546875,0.0,-26.98901098901099,823.1648351648352,-172.42979242979243
326,1,1,4,517,10,0.0234375,0.0224609375,1.021484375,0.0,0.06103515625,0.06103515625,-31.48717948717949,836.6593406593406,-202.41758241758242
327,1,1,4,527,10,0.021484375,0.03759765625,1.00537109375,-0.30517578125,0.0,0.0,-13.494505494505495,832.1611721611722,-173.92918192918194
328,1,1,4,537,10,0.0234375,0.03662109375,1.01025390625,0.0,0.0,0.0,-38.98412698412699,839.6581196581196,-188.92307692307693
329,1,1,4,547,10,0.02587890625,0.03173828125,1.0205078125,-0.06103515625,0.06103515625,0.06103515625,-26.98901098901099,838.1587301587301,-175.42857142857142
330,1,1,4,557,10,0.029296875,0.0458984375,1.03369140625,-0.244140625,0.0,0.244140625,-31.48717948717949,847.1550671550672,-184.42490842490844
331,1,1,4,567,10,0.03173828125,0.0419921875,1.02783203125,-0.244140625,0.1220703125,0.0,-34.485958485958484,841.1575091575091,-182.92551892551893
332,1,1,4,577,10,0.03173828125,0.0341796875,1.00927734375,-0.1220703125,0.06103515625,0.244140625,-29.987789987789988,841.1575091575091,-175.42857142857142
333,1,1,4,587,10,0.02392578125,0.025390625,1.00341796875,-0.3662109375,0.0,0.0,-20.99145299145299,832.1611721611722,-181.42612942612942
334,1,1,4,597,10,0.0302734375,0.03466796875,1.013671875,-0.30517578125,-0.06103515625,0.06103515625,-38.98412698412699,844.1562881562882,-188.92307692307693
335,1,1,4,607,10,0.0224609375,0.03955078125,1.00634765625,-0.3662109375,0.06103515625,0.18310546875,-31.48717948717949,850.1538461538462,-202.41758241758242
336,1,1,4,617,10,0.0244140625,0.025390625,1.0166015625,-0.30517578125,0.0,0.0,-22.49084249084249,838.1587301587301,-175.42857142857142
337,1,1,4,627,10,0.03662109375,0.02880859375,1.001953125,-0.244140625,0.0,0.06103515625,-37.48473748473749,838.1587301587301,-175.42857142857142
338,1,1,4,637,10,0.03564453125,0.0322265625,1.00048828125,-0.06103515625,0.0,0.1220703125,-28.488400488400487,839.6581196581196,-170.93040293040292
339,1,1,4,647,10,0.02587890625,0.037109375,1.01220703125,0.0,-0.06103515625,0.0,-46.48107448107448,832.1611721611722,-160.43467643467645
340,1,1,4,657,10,0.03125,0.04052734375,1.0146484375,-0.244140625,0.18310546875,0.0,-28.488400488400487,839.6581196581196,-199.4188034188034
341,1,1,4,667,10,0.0244140625,0.0361328125,1.0029296875,-0.1220703125,0.1220703125,0.1220703125,-37.48473748473749,848.6544566544567,-185.92429792429792
342,1,1,4,677,10,0.0380859375,0.03173828125,1.017578125,-0.18310546875,-0.18310546875,0.0,-23.99023199023199,836.6593406593406,-173.92918192918194
343,1,1,4,687,10,0.03125,0.04248046875,0.99853515625,-0.1220703125,-0.1220703125,0.244140625,-29.987789987789988,838.1587301587301,-179.9267399267399
344,1,1,4,697,10,0.0234375,0.033203125,0.99853515625,0.1220703125,0.0,0.18310546875,-38.98412698412699,836.6593406593406,-184.42490842490844
345,1,1,4,707,10,0.02490234375,0.03759765625,1.00830078125,0.06103515625,0.0,0.06103515625,-47.98046398046398,853.1526251526252,-190.4224664224664
346,1,1,4,717,10,0.03076171875,0.041015625,1.01025390625,0.1220703125,0.18310546875,0.0,-26.98901098901099,823.1648351648352,-190.4224664224664
347,1,1,4,727,10,0.02587890625,0.0283203125,1.005859375,0.244140625,-0.06103515625,0.0,-38.98412698412699,839.6581196581196,-191.92185592185592
348,1,1,4,737,10,0.02734375,0.03173828125,1.00927734375,0.1220703125,0.0,0.0,-20.99145299145299,844.1562881562882,-160.43467643467645
349,1,1,4,747,10,0.025390625,0.04345703125,1.01611328125,0.06103515625,0.18310546875,0.0,-23.99023199023199,844.1562881562882,-181.42612942612942
350,1,1,4,757,10,0.0322265625,0.04296875,1.01708984375,-0.18310546875,0.1220703125,0.0,-40.48351648351648,845.6556776556777,-175.42857142857142
351,1,1,4,767,10,0.0185546875,0.03271484375,1.009765625,-0.1220703125,0.1220703125,0.244140625,-31.48717948717949,839.6581196581196,-191.92185592185592
352,1,1,4,777,10,0.0302734375,0.0341796875,1.005859375,0.0,0.0,0.06103515625,-28.488400488400487,836.6593406593406,-170.93040293040292
353,1,1,4,787,10,0.029296875,0.03466796875,1.02197265625,-0.18310546875,0.0,0.0,-31.48717948717949,832.1611721611722,-173.92918192918194
354,1,1,4,797,10,0.02734375,0.029296875,1.0302734375,-0.244140625,0.06103515625,0.0,-29.987789987789988,815.6678876678877,-175.42857142857142
355,1,1,4,807,10,0.03369140625,0.02734375,1.01953125,-0.244140625,0.30517578125,0.0,-14.993894993894994,833.6605616605617,-175.42857142857142
356,1,1,4,817,10,0.0263671875,0.0263671875,1.021484375,-0.3662109375,0.06103515625,0.06103515625,-38.98412698412699,844.1562881562882,-188.92307692307693
357,1,1,4,827,10,0.02587890625,0.03173828125,0.99951171875,-0.30517578125,0.06103515625,0.1220703125,-38.98412698412699,850.1538461538462,-173.92918192918194
358,1,1,4,837,10,0.03173828125,0.02685546875,1.01025390625,-0.30517578125,-0.06103515625,0.06103515625,-35.985347985347985,839.6581196581196,-194.9206349206349
359,1,1,4,847,10,0.0302734375,0.04296875,1.0107421875,-0.3662109375,0.06103515625,0.0,-26.98901098901099,860.6495726495726,-175.42857142857142
360,1,1,4,857,10,0.02880859375,0.0380859375,1.0234375,-0.18310546875,0.06103515625,-0.1220703125,-37.48473748473749,833.6605616605617,-185.92429792429792
361,1,1,4,867,10,0.03369140625,0.01953125,1.01025390625,-0.48828125,-0.06103515625,0.1220703125,-40.48351648351648,827.6630036630037,-193.42124542124543
362,1,1,4,877,10,0.03125,0.0361328125,1.01513671875,-0.244140625,0.1220703125,0.30517578125,-47.98046398046398,827.6630036630037,-164.93284493284494
363,1,1,4,887,10,0.0322265625,0.04150390625,1.01416015625,-0.18310546875,-0.1220703125,0.0,-22.49084249084249,841.1575091575091,-175.42857142857142
364,1,1,4,897,10,0.02392578125,0.04052734375,1.0107421875,-0.06103515625,0.0,0.0,-29.987789987789988,833.6605616605617,-172.42979242979243
365,1,1,4,907,10,0.0244140625,0.033203125,1.00244140625,-0.244140625,0.1220703125,0.06103515625,-35.985347985347985,836.6593406593406,-167.93162393162393
366,1,1,4,917,10,0.02734375,0.037109375,1.0009765625,0.0,0.0,0.06103515625,-20.99145299145299,839.6581196581196,-167.93162393162393
367,1,1,4,927,10,0.0302734375,0.03564453125,0.99853515625,-0.1220703125,0.0,0.1220703125,-20.99145299145299,839.6581196581196,-167.93162393162393
368,1,1,4,937,10,0.02001953125,0.02880859375,1.0048828125,0.06103515625,0.0,0.1220703125,-20.99145299145299,839.6581196581196,-167.93162393162393
369,1,1,4,947,10,0.029296875,0.0380859375,1.0029296875,0.0,-0.1220703125,0.0,-20.99145299145299,839.6581196581196,-167.93162393162393
370,1,1,4,957,10,0.0302734375,0.0322265625,1.013671875,0.0,-0.18310546875,0.0,-20.99145299145299,839.6581196581196,-167.93162393162393
371,1,1,4,967,10,0.02392578125,0.02734375,0.9921875,0.18310546875,0.0,0.1220703125,-20.99145299145299,839.6581196581196,-167.93162393162393
372,1,1,4,977,10,0.037109375,0.0380859375,1.0078125,0.244140625,0.0,-0.06103515625,-20.99145299145299,839.6581196581196,-167.93162393162393
373,1,1,4,987,10,0.029296875,0.03564453125,1.00341796875,0.244140625,0.06103515625,0.0,-20.99145299145299,839.6581196581196,-167.93162393162393
374,1,1,4,997,10,0.021484375,0.0400390625,0.99853515625,-0.18310546875,0.18310546875,0.0,-23.99023199023199,829.1623931623932,-173.92918192918194
375,1,1,5,7,10,0.02392578125,0.033203125,1.01513671875,-0.06103515625,0.1220703125,0.1220703125,-26.98901098901099,830.6617826617827,-182.92551892551893
376,1,1,5,17,10,0.0224609375,0.037109375,1.00732421875,-0.18310546875,0.06103515625,0.0,-43.482295482295484,832.1611721611722,-170.93040293040292
377,1,1,5,27,10,0.02783203125,0.03271484375,1.01318359375,-0.30517578125,0.06103515625,0.0,-40.48351648351648,845.6556776556777,-190.4224664224664
378,1,1,5,37,10,0.029296875,0.03515625,1.01806640625,0.06103515625,0.06103515625,-0.06103515625,-29.987789987789988,841.1575091575091,-161.93406593406593
379,1,1,5,47,10,0.03125,0.0341796875,1.02001953125,-0.244140625,0.1220703125,0.06103515625,-35.985347985347985,832.1611721611722,-191.92185592185592
380,1,1,5,57,10,0.0361328125,0.02880859375,1.01708984375,-0.06103515625,0.06103515625,0.0,-20.99145299145299,832.1611721611722,-173.92918192918194
381,1,1,5,67,10,0.03564453125,0.04248046875,1.00830078125,-0.30517578125,0.1220703125,0.0,-38.98412698412699,836.6593406593406,-181.42612942612942
382,1,1,5,77,10,0.0341796875,0.0302734375,1.00244140625,-0.3662109375,-0.18310546875,0.18310546875,-35.985347985347985,857.6507936507936,-173.92918192918194
383,1,1,5,87,10,0.0380859375,0.0322265625,1.01318359375,-0.3662109375,0.0,0.06103515625,-20.99145299145299,836.6593406593406,-173.92918192918194
384,1,1,5,97,10,0.03466796875,0.02685546875,1.0,-0.244140625,0.1220703125,0.1220703125,-35.985347985347985,836.6593406593406,-188.92307692307693
385,1,1,5,107,10,0.0244140625,0.03662109375,1.013671875,-0.3662109375,0.0,0.0,-29.987789987789988,853.1526251526252,-193.42124542124543
386,1,1,5,117,10,0.0283203125,0.04052734375,1.0205078125,-0.244140625,0.0,0.0,-31.48717948717949,854.6520146520146,-181.42612942612942
387,1,1,5,127,10,0.0185546875,0.03564453125,0.9931640625,-0.18310546875,-0.1220703125,-0.06103515625,-31.48717948717949,839.6581196581196,-188.92307692307693
388,1,1,5,137,10,0.02978515625,0.03955078125,0.99365234375,-0.1220703125,-0.18310546875,0.1220703125,-20.99145299145299,844.1562881562882,-181.42612942612942
389,1,1,5,147,10,0.0302734375,0.03466796875,1.02490234375,-0.1220703125,-0.1220703125,0.1220703125,-28.488400488400487,844.1562881562882,-184.42490842490844
390,1,1,5,157,10,0.03125,0.037109375,1.0,0.0,-0.06103515625,0.30517578125,-37.48473748473749,833.6605616605617,-203.91697191697193
391,1,1,5,167,10,0.0244140625,0.03759765625,0.99853515625,0.06103515625,0.0,0.06103515625,-28.488400488400487,839.6581196581196,-184.42490842490844
392,1,1,5,177,10,0.0419921875,0.03564453125,1.01220703125,-0.18310546875,0.1220703125,0.06103515625,-34.485958485958484,845.6556776556777,-185.92429792429792
393,1,1,5,187,10,0.025390625,0.04541015625,0.99169921875,0.18310546875,0.0,0.1220703125,-34.485958485958484,841.1575091575091,-172.42979242979243
394,1,1,5,197,10,0.0302734375,0.04443359375,1.00390625,0.06103515625,-0.06103515625,0.0,-46.48107448107448,824.6642246642247,-178.42735042735043
395,1,1,5,207,10,0.02880859375,0.03125,0.99560546875,0.244140625,0.0,0.0,-17.992673992673993,850.1538461538462,-191.92185592185592
396,1,1,5,217,10,0.0283203125,0.03662109375,1.005859375,0.244140625,-0.06103515625,0.0,-28.488400488400487,839.6581196581196,-163.43345543345544
397,1,1,5,227,10,0.02392578125,0.03564453125,1.005859375,0.1220703125,0.0,0.0,-29.987789987789988,848.6544566544567,-182.92551892551893
398,1,1,5,237,10,0.03466796875,0.03466796875,1.0029296875,0.244140625,0.0,-0.06103515625,-23.99023199023199,850.1538461538462,-170.93040293040292
399,1,1,5,247,10,0.02294921875,0.04052734375,1.01416015625,-0.06103515625,0.18310546875,0.0,-19.492063492063494,848.6544566544567,-179.9267399267399
400,1,1,5,257,10,0.02978515625,0.03125,1.0244140625,0.06103515625,0.244140625,0.1220703125,-37.48473748473749,853.1526251526252,-179.9267399267399
401,1,1,5,267,10,0.0400390625,0.0302734375,1.00341796875,0.0,0.1220703125,0.0,-14.993894993894994,838.1587301587301,-185.92429792429792
402,1,1,5,277,10,0.02783203125,0.03955078125,1.02783203125,-0.18310546875,0.18310546875,0.0,-28.488400488400487,836.6593406593406,-184.42490842490844
403,1,1,5,287,10,0.02490234375,0.0419921875,1.0078125,-0.06103515625,0.244140625,-0.06103515625,-29.987789987789988,841.1575091575091,-182.92551892551893
404,1,1,5,297,10,0.037109375,0.0283203125,1.02783203125,-0.1220703125,0.1220703125,0.06103515625,-31.48717948717949,839.6581196581196,-173.92918192918194
405,1,1,5,307,10,0.0283203125,0.03759765625,1.0068359375,-0.42724609375,0.06103515625,0.06103515625,-46.48107448107448,839.6581196581196,-173.92918192918194
406,1,1,5,317,10,0.02880859375,0.037109375,1.00927734375,-0.1220703125,0.0,0.1220703125,-29.987789987789988,833.6605616605617,-179.9267399267399
407,1,1,5,327,10,0.0283203125,0.03564453125,1.0087890625,-0.18310546875,0.0,0.0,-31.48717948717949,844.1562881562882,-188.92307692307693
408,1,1,5,337,10,0.037109375,0.0322265625,1.02587890625,-0.1220703125,0.18310546875,0.0,-29.987789987789988,845.6556776556777,-179.9267399267399
409,1,1,5,347,10,0.01806640625,0.033203125,1.009765625,-0.18310546875,0.06103515625,-0.06103515625,-8.996336996336996,841.1575091575091,-172.42979242979243
410,1,1,5,357,10,0.0322265625,0.02783203125,1.0009765625,-0.244140625,0.0,0.06103515625,-28.488400488400487,847.1550671550672,-178.42735042735043
411,1,1,5,367,10,0.03662109375,0.037109375,0.99169921875,-0.244140625,-0.1220703125,0.244140625,-23.99023199023199,854.6520146520146,-194.9206349206349
412,1,1,5,377,10,0.0322265625,0.0361328125,1.00341796875,-0.06103515625,-0.1220703125,-0.06103515625,-31.48717948717949,847.1550671550672,-199.4188034188034
413,1,1,5,387,10,0.02978515625,0.0439453125,1.0107421875,-0.244140625,0.1220703125,-0.06103515625,-23.99023199023199,857.6507936507936,-181.42612942612942
414,1,1,5,397,10,0.02490234375,0.03564453125,1.01513671875,0.06103515625,-0.06103515625,0.1220703125,-13.494505494505495,854.6520146520146,-178.42735042735043
415,1,1,5,407,10,0.03125,0.0380859375,1.0009765625,0.0,0.0,0.1220703125,-31.48717948717949,836.6593406593406,-170.93040293040292
416,1,1,5,417,10,0.02734375,0.025390625,1.00244140625,0.0,0.0,0.0,-47.98046398046398,860.6495726495726,-175.42857142857142
417,1,1,5,427,10,0.0244140625,0.0283203125,0.9912109375,0.0,0.1220703125,0.1220703125,-20.99145299145299,839.6581196581196,-181.42612942612942
418,1,1,5,437,10,0.01904296875,0.0400390625,1.01806640625,0.0,0.0,0.06103515625,-28.488400488400487,850.1538461538462,-191.92185592185592
419,1,1,5,447,10,0.03125,0.0361328125,1.00732421875,0.244140625,0.18310546875,-0.06103515625,-34.485958485958484,830.6617826617827,-179.9267399267399
420,1,1,5,457,10,0.02734375,0.0380859375,0.99365234375,0.06103515625,0.06103515625,0.06103515625,-20.99145299145299,850.1538461538462,-181.42612942612942
421,1,1,5,467,10,0.03662109375,0.03369140625,0.99951171875,0.30517578125,0.0,0.18310546875,-34.485958485958484,845.6556776556777,-179.9267399267399
422,1,1,5,477,10,0.0263671875,0.03564453125,1.0126953125,0.1220703125,-0.1220703125,0.06103515625,-49.47985347985348,832.1611721611722,-178.42735042735043
423,1,1,5,487,10,0.02490234375,0.0322265625,1.01806640625,0.0,0.0,0.0,-28.488400488400487,839.6581196581196,-160.43467643467645
424,1,1,5,497,10,0.02294921875,0.033203125,1.01025390625,0.1220703125,0.18310546875,0.06103515625,-23.99023199023199,829.1623931623932,-170.93040293040292
425,1,1,5,507,10,0.0302734375,0.02685546875,1.0107421875,0.0,0.0,0.06103515625,-35.985347985347985,839.6581196581196,-173.92918192918194
426,1,1,5,517,10,0.029296875,0.03759765625,1.0166015625,-0.18310546875,0.0,0.06103515625,-22.49084249084249,841.1575091575091,-182.92551892551893
427,1,1,5,527,10,0.02294921875,0.03759765625,1.01513671875,0.0,0.0,0.244140625,-34.485958485958484,848.6544566544567,-179.9267399267399
428,1,1,5,537,10,0.02783203125,0.033203125,1.02490234375,-0.06103515625,0.244140625,0.1220703125,-31.48717948717949,844.1562881562882,-188.92307692307693
429,1,1,5,547,10,0.03076171875,0.04052734375,1.0146484375,-0.244140625,0.1220703125,0.0,-23.99023199023199,844.1562881562882,-173.92918192918194
430,1,1,5,557,10,0.02490234375,0.02685546875,1.005859375,-0.244140625,-0.06103515625,0.06103515625,-35.985347985347985,829.1623931623932,-167.93162393162393
431,1,1,5,567,10,0.02734375,0.0419921875,1.0126953125,-0.42724609375,0.18310546875,0.0,-28.488400488400487,839.6581196581196,-191.92185592185592
432,1,1,5,577,10,0.02734375,0.037109375,1.0263671875,-0.18310546875,0.0,0.0,-23.99023199023199,847.1550671550672,-173.92918192918194
433,1,1,5,587,10,0.02880859375,0.0419921875,1.01220703125,-0.244140625,0.06103515625,0.0,-38.98412698412699,839.6581196581196,-181.42612942612942
434,1,1,5,597,10,0.017578125,0.0390625,1.01025390625,-0.244140625,0.18310546875,0.18310546875,-29.987789987789988,841.1575091575091,-193.42124542124543
435,1,1,5,607,10,0.0283203125,0.03955078125,1.01025390625,-0.30517578125,-0.1220703125,0.18310546875,-34.485958485958484,860.6495726495726,-175.42857142857142
436,1,1,5,617,10,0.03173828125,0.03466796875,1.001953125,-0.30517578125,0.0,0.18310546875,-46.48107448107448,850.1538461538462,-170.93040293040292
437,1,1,5,627,10,0.03076171875,0.04345703125,1.0107421875,-0.1220703125,-0.06103515625,0.0,-19.492063492063494,848.6544566544567,-185.92429792429792
438,1,1,5,637,10,0.02734375,0.0419921875,1.0078125,0.0,0.0,0.1220703125,-43.482295482295484,836.6593406593406,-170.93040293040292
439,1,1,5,647,10,0.0244140625,0.0419921875,0.998046875,-0.06103515625,0.0,0.0,-29.987789987789988,838.1587301587301,-190.4224664224664
440,1,1,5,657,10,0.02734375,0.02978515625,0.98779296875,-0.1220703125,-0.18310546875,0.0,-31.48717948717949,836.6593406593406,-173.92918192918194
441,1,1,5,667,10,0.029296875,0.02978515625,0.98876953125,0.0,0.0,0.18310546875,-31.48717948717949,844.1562881562882,-188.92307692307693
442,1,1,5,677,10,0.029296875,0.03955078125,0.99951171875,0.1220703125,0.0,0.0,-31.48717948717949,844.1562881562882,-173.92918192918194
443,1,1,5,687,10,0.02197265625,0.04150390625,1.0107421875,0.244140625,0.1220703125,0.0,-49.47985347985348,839.6581196581196,-188.92307692307693
444,1,1,5,697,10,0.0322265625,0.041015625,1.00830078125,0.18310546875,0.06103515625,0.0,-40.48351648351648,853.1526251526252,-172.42979242979243
445,1,1,5,707,10,0.03564453125,0.03369140625,1.0205078125,0.06103515625,0.0,0.06103515625,-28.488400488400487,850.1538461538462,-184.42490842490844
446,1,1,5,717,10,0.0302734375,0.0361328125,1.0087890625,0.0,-0.06103515625,0.18310546875,-26.98901098901099,833.6605616605617,-175.42857142857142
447,1,1,5,727,10,0.02392578125,0.02685546875,1.00927734375,0.06103515625,0.30517578125,0.18310546875,-26.98901098901099,833.6605616605617,-161.93406593406593
448,1,1,5,737,10,0.02197265625,0.03662109375,1.0107421875,0.0,0.3662109375,0.0,-28.488400488400487,857.6507936507936,-170.93040293040292
449,1,1,5,747,10,0.0283203125,0.03564453125,1.0224609375,0.0,-0.06103515625,0.1220703125,-35.985347985347985,829.1623931623932,-173.92918192918194
450,1,1,5,757,10,0.025390625,0.0322265625,1.01708984375,-0.244140625,0.18310546875,0.06103515625,-37.48473748473749,833.6605616605617,-182.92551892551893
451,1,1,5,767,10,0.02490234375,0.03369140625,1.00390625,-0.1220703125,0.18310546875,0.0,-28.488400488400487,836.6593406593406,-194.9206349206349
452,1,1,5,777,10,0.0322265625,0.0263671875,1.02197265625,0.0,0.06103515625,0.0,-35.985347985347985,850.1538461538462,-173.92918192918194
453,1,1,5,787,10,0.0322265625,0.0361328125,1.02099609375,-0.244140625,0.42724609375,0.06103515625,-29.987789987789988,838.1587301587301,-175.42857142857142
454,1,1,5,797,10,0.02880859375,0.0302734375,1.00390625,-0.1220703125,0.1220703125,0.18310546875,-13.494505494505495,839.6581196581196,-170.93040293040292
455,1,1,5,807,10,0.03125,0.04248046875,1.02197265625,-0.30517578125,0.06103515625,0.0,-31.48717948717949,854.6520146520146,-173.92918192918194
456,1,1,5,817,10,0.03662109375,0.0263671875,1.01025390625,-0.6103515625,0.06103515625,0.18310546875,-20.99145299145299,847.1550671550672,-178.42735042735043
457,1,1,5,827,10,0.02734375,0.03466796875,1.01025390625,-0.1220703125,0.06103515625,0.0,-43.482295482295484,854.6520146520146,-188.92307692307693
458,1,1,5,837,10,0.0302734375,0.03955078125,1.02197265625,-0.1220703125,0.06103515625,0.1220703125,-31.48717948717949,854.6520146520146,-181.42612942612942
459,1,1,5,847,10,0.03076171875,0.0283203125,1.01220703125,-0.18310546875,-0.1220703125,0.1220703125,-38.98412698412699,832.1611721611722,-173.92918192918194
460,1,1,5,857,10,0.02880859375,0.03125,0.99365234375,-0.18310546875,0.0,0.06103515625,-38.98412698412699,844.1562881562882,-178.42735042735043
461,1,1,5,867,10,0.0263671875,0.02880859375,0.9873046875,-0.06103515625,-0.1220703125,0.18310546875,-35.985347985347985,832.1611721611722,-173.92918192918194
462,1,1,5,877,10,0.0283203125,0.03369140625,1.00048828125,-0.1220703125,0.0,0.0,-23.99023199023199,854.6520146520146,-181.42612942612942
463,1,1,5,887,10,0.01708984375,0.0283203125,1.021484375,0.0,0.18310546875,0.0,-28.488400488400487,850.1538461538462,-167.93162393162393
464,1,1,5,897,10,0.0244140625,0.03466796875,1.01953125,0.0,0.0,0.0,-35.985347985347985,847.1550671550672,-181.42612942612942
465,1,1,5,907,10,0.0263671875,0.0390625,1.0126953125,-0.06103515625,0.0,0.0,-35.985347985347985,844.1562881562882,-184.42490842490844
466,1,1,5,917,10,0.02880859375,0.037109375,1.0048828125,0.18310546875,-0.1220703125,0.1220703125,-35.985347985347985,836.6593406593406,-173.92918192918194
467,1,1,5,927,10,0.02880859375,0.0400390625,1.01220703125,0.244140625,0.06103515625,0.0,-20.99145299145299,829.1623931623932,-178.42735042735043
468,1,1,5,937,10,0.02197265625,0.0390625,1.03076171875,-0.06103515625,0.0,0.06103515625,-31.48717948717949,854.6520146520146,-170.93040293040292
469,1,1,5,947,10,0.02978515625,0.03173828125,1.00341796875,0.0,0.18310546875,0.06103515625,-47.98046398046398,841.1575091575091,-193.42124542124543
470,1,1,5,957,10,0.02490234375,0.03955078125,1.00341796875,0.3662109375,0.0,0.1220703125,-26.98901098901099,845.6556776556777,-185.92429792429792
471,1,1,5,967,10,0.02978515625,0.02978515625,1.0,0.0,0.0,0.1220703125,-37.48473748473749,845.6556776556777,-175.42857142857142
472,1,1,5,977,10,0.03076171875,0.0341796875,1.0205078125,0.0,0.06103515625,-0.06103515625,-38.98412698412699,854.6520146520146,-184.42490842490844
473,1,1,5,987,10,0.02587890625,0.03515625,1.005859375,0.0,0.244140625,0.0,-23.99023199023199,844.1562881562882,-178.42735042735043
474,1,1,5,997,10,0.0361328125,0.033203125,1.00634765625,0.06103515625,0.18310546875,-0.1220703125,-13.494505494505495,850.1538461538462,-178.42735042735043
475,1,1,6,7,10,0.0341796875,0.02783203125,1.0,0.0,0.0,0.1220703125,-20.99145299145299,829.1623931623932,-178.42735042735043
476,1,1,6,17,10,0.02490234375,0.02685546875,1.00927734375,-0.3662109375,0.1220703125,0.06103515625,-17.992673992673993,844.1562881562882,-188.92307692307693
477,1,1,6,27,10,0.0302734375,0.0322265625,1.02001953125,-0.06103515625,0.30517578125,0.18310546875,-28.488400488400487,844.1562881562882,-173.92918192918194
478,1,1,6,37,10,0.02978515625,0.02978515625,1.015625,-0.3662109375,0.30517578125,0.06103515625,-23.99023199023199,818.6666666666666,-181.42612942612942
479,1,1,6,47,10,0.04150390625,0.0341796875,1.03271484375,-0.18310546875,0.06103515625,0.0,-22.49084249084249,830.6617826617827,-172.42979242979243
480,1,1,6,57,10,0.02783203125,0.02783203125,1.0087890625,-0.18310546875,0.0,-0.06103515625,-37.48473748473749,838.1587301587301,-172.42979242979243
481,1,1,6,67,10,0.03271484375,0.0341796875,0.9970703125,-0.54931640625,-0.06103515625,-0.06103515625,-37.48473748473749,838.1587301587301,-169.43101343101344
482,1,1,6,77,10,0.02783203125,0.0361328125,1.0263671875,-0.1220703125,-0.06103515625,0.18310546875,-29.987789987789988,856.1514041514041,-179.9267399267399
483,1,1,6,87,10,0.0302734375,0.02978515625,1.01123046875,-0.3662109375,0.1220703125,0.0,-29.987789987789988,827.6630036630037,-182.92551892551893
484,1,1,6,97,10,0.03515625,0.03369140625,1.00244140625,-0.30517578125,0.0,0.06103515625,-52.47863247863248,841.1575091575091,-175.42857142857142
485,1,1,6,107,10,0.025390625,0.03515625,1.01904296875,-0.06103515625,0.0,0.0,-38.98412698412699,832.1611721611722,-181.42612942612942
486,1,1,6,117,10,0.02880859375,0.0302734375,0.98681640625,-0.3662109375,-0.18310546875,0.244140625,-11.995115995115995,827.6630036630037,-175.42857142857142
487,1,1,6,127,10,0.0341796875,0.033203125,1.01513671875,-0.18310546875,0.06103515625,0.1220703125,-28.488400488400487,847.1550671550672,-163.43345543345544
488,1,1,6,137,10,0.02392578125,0.03564453125,1.01513671875,-0.30517578125,0.0,0.1220703125,-20.99145299145299,836.6593406593406,-178.42735042735043
489,1,1,6,147,10,0.0283203125,0.03564453125,1.0,-0.18310546875,-0.06103515625,0.0,-23.99023199023199,844.1562881562882,-163.43345543345544
490,1,1,6,157,10,0.03564453125,0.03662109375,0.9951171875,-0.06103515625,0.0,0.06103515625,-26.98901098901099,841.1575091575091,-182.92551892551893
491,1,1,6,167,10,0.03515625,0.03515625,1.00244140625,0.0,-0.1220703125,0.0,-40.48351648351648,827.6630036630037,-182.92551892551893
492,1,1,6,177,10,0.025390625,0.0341796875,1.0205078125,0.06103515625,-0.1220703125,0.1220703125,-19.492063492063494,833.6605616605617,-169.43101343101344
493,1,1,6,187,10,0.02783203125,0.03564453125,1.00732421875,0.0,0.0,-0.06103515625,-23.99023199023199,829.1623931623932,-178.42735042735043
494,1,1,6,197,10,0.02490234375,0.0302734375,1.0029296875,0.30517578125,0.0,0.1220703125,-29.987789987789988,848.6544566544567,-172.42979242979243
495,1,1,6,207,10,0.02734375,0.037109375,1.00341796875,0.06103515625,0.06103515625,0.0,-22.49084249084249,856.1514041514041,-175.42857142857142
496,1,1,6,217,10,0.0244140625,0.044921875,1.001953125,0.244140625,0.0,0.18310546875,-14.993894993894994,830.6617826617827,-182.92551892551893
497,1,1,6,227,10,0.021484375,0.0390625,1.02587890625,0.06103515625,0.06103515625,0.06103515625,-35.985347985347985,832.1611721611722,-188.92307692307693
498,1,1,6,237,10,0.02880859375,0.046875,0.99951171875,0.06103515625,0.06103515625,0.0,-22.49084249084249,853.1526251526252,-169.43101343101344
499,1,1,6,247,10,0.02880859375,0.0283203125,1.021484375,0.0,0.0,0.1220703125,-23.99023199023199,854.6520146520146,-178.42735042735043
500,1,1,6,257,10,0.02587890625,0.02783203125,1.0146484375,-0.18310546875,-0.06103515625,0.0,-43.482295482295484,832.1611721611722,-184.42490842490844
501,1,1,6,267,10,0.02880859375,0.0322265625,1.02099609375,-0.1220703125,0.06103515625,0.0,-38.98412698412699,844.1562881562882,-184.42490842490844
502,1,1,6,277,10,0.03271484375,0.03759765625,1.01708984375,0.0,0.1220703125,-0.06103515625,-29.987789987789988,820.1660561660561,-179.9267399267399
503,1,1,6,287,10,0.029296875,0.03125,1.0146484375,-0.06103515625,0.1220703125,0.1220703125,-31.48717948717949,832.1611721611722,-173.92918192918194
504,1,1,6,297,10,0.03125,0.0263671875,1.0146484375,-0.244140625,0.1220703125,0.0,-34.485958485958484,838.1587301587301,-175.42857142857142
505,1,1,6,307,10,0.0341796875,0.0361328125,1.017578125,-0.1220703125,0.0,0.1220703125,-31.48717948717949,836.6593406593406,-188.92307692307693
506,1,1,6,317,10,0.02587890625,0.03369140625,1.01513671875,-0.18310546875,0.1220703125,0.0,-38.98412698412699,847.1550671550672,-163.43345543345544
507,1,1,6,327,10,0.0380859375,0.0302734375,1.02294921875,-0.1220703125,0.18310546875,0.0,-31.48717948717949,832.1611721611722,-173.92918192918194
508,1,1,6,337,10,0.029296875,0.03564453125,1.0126953125,-0.244140625,0.06103515625,0.244140625,-31.48717948717949,832.1611721611722,-167.93162393162393
509,1,1,6,347,10,0.03515625,0.03564453125,1.00537109375,-0.1220703125,-0.1220703125,0.1220703125,-31.48717948717949,847.1550671550672,-188.92307692307693
510,1,1,6,357,10,0.021484375,0.0390625,1.00537109375,-0.1220703125,-0.1220703125,0.18310546875,-44.98168498168498,845.6556776556777,-175.42857142857142
511,1,1,6,367,10,0.0322265625,0.0322265625,1.00732421875,-0.06103515625,0.06103515625,-0.1220703125,-26.98901098901099,838.1587301587301,-175.42857142857142
512,1,1,6,377,10,0.02880859375,0.04443359375,1.00634765625,0.0,0.244140625,0.244140625,-13.494505494505495,836.6593406593406,-163.43345543345544
513,1,1,6,387,10,0.02978515625,0.03564453125,1.00390625,-0.1220703125,0.0,0.0,-34.485958485958484,838.1587301587301,-161.93406593406593
514,1,1,6,397,10,0.03515625,0.03271484375,1.00732421875,-0.1220703125,0.0,0.1220703125,-20.99145299145299,844.1562881562882,-170.93040293040292
515,1,1,6,407,10,0.02587890625,0.0419921875,1.009765625,-0.1220703125,-0.1220703125,-0.06103515625,-49.47985347985348,854.6520146520146,-184.42490842490844
516,1,1,6,417,10,0.029296875,0.04150390625,1.013671875,0.0,0.18310546875,0.06103515625,-40.48351648351648,845.6556776556777,-185.92429792429792
517,1,1,6,427,10,0.0224609375,0.03515625,1.0048828125,0.0,0.1220703125,0.1220703125,-37.48473748473749,838.1587301587301,-179.9267399267399
518,1,1,6,437,10,0.03662109375,0.03515625,1.01318359375,0.0,0.06103515625,0.0,-22.49084249084249,833.6605616605617,-172.42979242979243
519,1,1,6,447,10,0.03271484375,0.03125,0.99267578125,0.0,0.0,0.1220703125,-44.98168498168498,845.6556776556777,-196.42002442002442
520,1,1,6,457,10,0.0263671875,0.029296875,1.01318359375,0.244140625,-0.06103515625,-0.1220703125,-28.488400488400487,857.6507936507936,-173.92918192918194
521,1,1,6,467,10,0.03369140625,0.04150390625,1.01513671875,0.18310546875,0.0,0.0,-28.488400488400487,850.1538461538462,-181.42612942612942
522,1,1,6,477,10,0.02734375,0.0439453125,1.0234375,-0.06103515625,0.18310546875,0.18310546875,-20.99145299145299,836.6593406593406,-184.42490842490844
523,1,1,6,487,10,0.0322265625,0.03271484375,1.0234375,0.18310546875,0.18310546875,0.06103515625,-22.49084249084249,838.1587301587301,-182.92551892551893
524,1,1,6,497,10,0.02783203125,0.02978515625,1.00634765625,0.0,0.0,0.18310546875,-29.987789987789988,848.6544566544567,-179.9267399267399
525,1,1,6,507,10,0.02294921875,0.04443359375,0.99658203125,0.0,0.06103515625,0.1220703125,-23.99023199023199,839.6581196581196,-178.42735042735043
526,1,1,6,517,10,0.0146484375,0.02978515625,1.00537109375,0.0,0.244140625,0.0,-29.987789987789988,848.6544566544567,-185.92429792429792
527,1,1,6,527,10,0.0302734375,0.029296875,1.02490234375,-0.18310546875,0.0,0.0,-44.98168498168498,841.1575091575091,-182.92551892551893
528,1,1,6,537,10,0.03466796875,0.03271484375,0.9970703125,-0.06103515625,0.0,0.06103515625,-43.482295482295484,814.1684981684982,-178.42735042735043
529,1,1,6,547,10,0.0302734375,0.0361328125,1.00390625,0.0,0.06103515625,0.18310546875,-38.98412698412699,836.6593406593406,-178.42735042735043
530,1,1,6,557,10,0.03515625,0.0380859375,1.00634765625,-0.30517578125,0.06103515625,0.0,-37.48473748473749,841.1575091575091,-179.9267399267399
531,1,1,6,567,10,0.0234375,0.03759765625,1.01806640625,-0.1220703125,0.18310546875,0.06103515625,-22.49084249084249,833.6605616605617,-169.43101343101344
532,1,1,6,577,10,0.02587890625,0.03271484375,1.02099609375,0.0,0.06103515625,0.1220703125,-26.98901098901099,830.6617826617827,-185.92429792429792
533,1,1,6,587,10,0.0302734375,0.02783203125,1.0048828125,-0.18310546875,0.0,0.1220703125,-23.99023199023199,836.6593406593406,-178.42735042735043
534,1,1,6,597,10,0.02880859375,0.03271484375,1.0009765625,-0.1220703125,-0.1220703125,0.18310546875,-34.485958485958484,833.6605616605617,-182.92551892551893
535,1,1,6,607,10,0.02392578125,0.03173828125,1.00830078125,-0.06103515625,0.06103515625,0.06103515625,-14.993894993894994,856.1514041514041,-182.92551892551893
536,1,1,6,617,10,0.0185546875,0.0302734375,1.01123046875,-0.1220703125,0.1220703125,-0.06103515625,-38.98412698412699,850.1538461538462,-181.42612942612942
537,1,1,6,627,10,0.02880859375,0.03173828125,1.015625,-0.06103515625,0.0,0.06103515625,-35.985347985347985,824.6642246642247,-188.92307692307693
538,1,1,6,637,10,0.03759765625,0.03759765625,0.994140625,-0.18310546875,-0.1220703125,0.18310546875,-23.99023199023199,836.6593406593406,-181.42612942612942
539,1,1,6,647,10,0.03076171875,0.02734375,1.00634765625,-0.06103515625,-0.244140625,0.18310546875,-31.48717948717949,824.6642246642247,-178.42735042735043
540,1,1,6,657,10,0.0302734375,0.0185546875,0.98779296875,0.06103515625,-0.244140625,0.1220703125,-31.48717948717949,847.1550671550672,-178.42735042735043
541,1,1,6,667,10,0.02880859375,0.0380859375,1.0146484375,0.0,0.244140625,0.1220703125,-26.98901098901099,838.1587301587301,-169.43101343101344
542,1,1,6,677,10,0.02490234375,0.03515625,0.998046875,0.0,0.06103515625,-0.06103515625,-38.98412698412699,850.1538461538462,-178.42735042735043
543,1,1,6,687,10,0.02783203125,0.041015625,1.0126953125,0.0,0.06103515625,-0.06103515625,-17.992673992673993,850.1538461538462,-173.92918192918194
544,1,1,6,697,10,0.02978515625,0.0361328125,1.0078125,0.18310546875,0.1220703125,0.0,-29.987789987789988,838.1587301587301,-182.92551892551893
545,1,1,6,707,10,0.021484375,0.03466796875,1.013671875,0.06103515625,0.1220703125,0.0,-23.99023199023199,847.1550671550672,-188.92307692307693
546,1,1,6,717,10,0.02587890625,0.03955078125,1.02099609375,-0.06103515625,0.06103515625,0.0,-43.482295482295484,854.6520146520146,-191.92185592185592
547,1,1,6,727,10,0.0283203125,0.04150390625,1.0048828125,-0.06103515625,0.0,0.06103515625,-38.98412698412699,857.6507936507936,-178.42735042735043
548,1,1,6,737,10,0.025390625,0.03564453125,1.00341796875,0.0,0.1220703125,0.0,-28.488400488400487,832.1611721611722,-194.9206349206349
549,1,1,6,747,10,0.03076171875,0.03955078125,1.00927734375,0.0,0.1220703125,0.1220703125,-31.48717948717949,850.1538461538462,-167.93162393162393
550,1,1,6,757,10,0.01708984375,0.02734375,1.015625,-0.06103515625,0.06103515625,-0.06103515625,-35.985347985347985,836.6593406593406,-184.42490842490844
551,1,1,6,767,10,0.02734375,0.03173828125,1.01513671875,-0.244140625,0.18310546875,0.1220703125,-37.48473748473749,853.1526251526252,-182.92551892551893
552,1,1,6,777,10,0.02734375,0.02783203125,1.017578125,-0.18310546875,0.06103515625,0.0,-26.98901098901099,848.6544566544567,-164.93284493284494
553,1,1,6,787,10,0.03271484375,0.03173828125,1.021484375,-0.42724609375,0.0,0.244140625,-34.485958485958484,833.6605616605617,-179.9267399267399
554,1,1,6,797,10,0.0224609375,0.0302734375,1.005859375,-0.18310546875,0.06103515625,0.06103515625,-46.48107448107448,847.1550671550672,-194.9206349206349
555,1,1,6,807,10,0.0322265625,0.03125,1.0126953125,0.0,0.0,0.0,-22.49084249084249,833.6605616605617,-164.93284493284494
556,1,1,6,817,10,0.03369140625,0.03466796875,1.01904296875,-0.244140625,0.18310546875,0.0,-17.992673992673993,844.1562881562882,-167.93162393162393
557,1,1,6,827,10,0.029296875,0.03955078125,1.009765625,0.0,0.06103515625,0.1220703125,-14.993894993894994,833.6605616605617,-175.42857142857142
558,1,1,6,837,10,0.0341796875,0.03271484375,0.99462890625,-0.18310546875,-0.06103515625,0.18310546875,-28.488400488400487,836.6593406593406,-160.43467643467645
559,1,1,6,847,10,0.025390625,0.0302734375,1.0,-0.30517578125,-0.06103515625,0.0,-34.485958485958484,838.1587301587301,-182.92551892551893
560,1,1,6,857,10,0.02587890625,0.04150390625,1.009765625,-0.1220703125,0.06103515625,0.1220703125,-37.48473748473749,838.1587301587301,-175.42857142857142
561,1,1,6,867,10,0.025390625,0.03759765625,1.01708984375,-0.1220703125,0.0,0.0,-44.98168498168498,845.6556776556777,-179.9267399267399
562,1,1,6,877,10,0.0400390625,0.03271484375,1.0087890625,-0.18310546875,0.0,0.06103515625,-28.488400488400487,850.1538461538462,-170.93040293040292
563,1,1,6,887,10,0.03466796875,0.03564453125,0.98779296875,0.18310546875,-0.06103515625,0.0,-26.98901098901099,841.1575091575091,-185.92429792429792
564,1,1,6,897,10,0.03759765625,0.0361328125,1.0146484375,0.0,0.06103515625,0.1220703125,-37.48473748473749,830.6617826617827,-190.4224664224664
565,1,1,6,907,10,0.0341796875,0.033203125,1.0087890625,0.0,-0.06103515625,-0.06103515625,-20.99145299145299,832.1611721611722,-178.42735042735043
566,1,1,6,917,10,0.03125,0.04150390625,1.0029296875,0.06103515625,0.0,0.0,-31.48717948717949,854.6520146520146,-170.93040293040292
567,1,1,6,927,10,0.03662109375,0.037109375,1.00537109375,-0.06103515625,0.30517578125,-0.1220703125,-11.995115995115995,848.6544566544567,-172.42979242979243
568,1,1,6,937,10,0.021484375,0.0380859375,1.0048828125,-0.18310546875,-0.18310546875,-0.06103515625,-13.494505494505495,832.1611721611722,-170.93040293040292
569,1,1,6,947,10,0.03125,0.037109375,1.00830078125,0.1220703125,0.0,0.1220703125,-26.98901098901099,853.1526251526252,-182.92551892551893
570,1,1,6,957,10,0.02001953125,0.0283203125,1.01953125,0.1220703125,0.1220703125,0.06103515625,-46.48107448107448,836.6593406593406,-199.4188034188034
571,1,1,6,967,10,0.0244140625,0.03369140625,1.009765625,0.0,0.42724609375,0.0,-20.99145299145299,832.1611721611722,-181.42612942612942
572,1,1,6,977,10,0.02099609375,0.02392578125,1.0263671875,-0.06103515625,0.18310546875,0.06103515625,-22.49084249084249,845.6556776556777,-179.9267399267399
573,1,1,6,987,10,0.02978515625,0.03662109375,1.00048828125,-0.244140625,0.244140625,0.0,-28.488400488400487,839.6581196581196,-170.93040293040292
574,1,1,6,997,10,0.0302734375,0.02978515625,1.0078125,-0.244140625,0.0,0.0,-23.99023199023199,847.1550671550672,-181.42612942612942
575,1,1,7,7,10,0.0322265625,0.0302734375,1.01123046875,-0.18310546875,0.06103515625,0.0,-40.48351648351648,830.6617826617827,-175.42857142857142
576,1,1,7,17,10,0.0234375,0.04150390625,1.0283203125,-0.1220703125,0.244140625,0.244140625,-37.48473748473749,830.6617826617827,-175.42857142857142
577,1,1,7,27,10,0.0322265625,0.037109375,1.0087890625,-0.30517578125,0.0,0.1220703125,-38.98412698412699,844.1562881562882,-178.42735042735043
578,1,1,7,37,10,0.03076171875,0.02587890625,1.0224609375,-0.244140625,0.0,0.18310546875,-20.99145299145299,832.1611721611722,-167.93162393162393
579,1,1,7,47,10,0.03564453125,0.0322265625,1.02783203125,-0.244140625,0.06103515625,0.0,-19.492063492063494,848.6544566544567,-179.9267399267399
580,1,1,7,57,10,0.03466796875,0.029296875,1.02978515625,-0.06103515625,0.0,0.1220703125,-20.99145299145299,821.6654456654456,-167.93162393162393
581,1,1,7,67,10,0.02294921875,0.03955078125,1.0126953125,-0.30517578125,0.1220703125,0.18310546875,-26.98901098901099,838.1587301587301,-185.92429792429792
582,1,1,7,77,10,0.03173828125,0.037109375,1.0166015625,-0.244140625,0.0,0.1220703125,-46.48107448107448,844.1562881562882,-178.42735042735043
583,1,1,7,87,10,0.03125,0.03564453125,1.00537109375,-0.06103515625,-0.06103515625,0.18310546875,-8.996336996336996,845.6556776556777,-175.42857142857142
584,1,1,7,97,10,0.03125,0.037109375,1.00341796875,-0.18310546875,0.1220703125,0.06103515625,-22.49084249084249,856.1514041514041,-185.92429792429792
585,1,1,7,107,10,0.03271484375,0.0390625,1.00341796875,0.06103515625,0.06103515625,0.0,-35.985347985347985,844.1562881562882,-181.42612942612942
586,1,1,7,117,10,0.0283203125,0.0380859375,1.0068359375,-0.244140625,0.0,0.06103515625,-20.99145299145299,829.1623931623932,-167.93162393162393
587,1,1,7,127,10,0.02880859375,0.0341796875,1.001953125,0.0,0.0,0.06103515625,-52.47863247863248,838.1587301587301,-175.42857142857142
588,1,1,7,137,10,0.02783203125,0.04248046875,1.00390625,-0.06103515625,-0.06103515625,0.1220703125,-37.48473748473749,845.6556776556777,-169.43101343101344
589,1,1,7,147,10,0.02734375,0.0390625,1.0078125,-0.06103515625,-0.06103515625,0.0,-17.992673992673993,839.6581196581196,-194.9206349206349
590,1,1,7,157,10,0.0283203125,0.048828125,1.009765625,0.0,0.18310546875,0.06103515625,-34.485958485958484,833.6605616605617,-185.92429792429792
591,1,1,7,167,10,0.02490234375,0.0390625,0.99658203125,-0.06103515625,0.0,0.0,-34.485958485958484,848.6544566544567,-179.9267399267399
592,1,1,7,177,10,0.02783203125,0.0361328125,0.998046875,-0.06103515625,0.06103515625,-0.06103515625,-34.485958485958484,841.1575091575091,-172.42979242979243
593,1,1,7,187,10,0.02880859375,0.03369140625,1.00634765625,0.18310546875,0.06103515625,0.0,-28.488400488400487,850.1538461538462,-184.42490842490844
594,1,1,7,197,10,0.03076171875,0.033203125,1.01513671875,-0.06103515625,0.06103515625,0.0,-26.98901098901099,827.6630036630037,-179.9267399267399
595,1,1,7,207,10,0.02001953125,0.029296875,1.01953125,0.06103515625,0.18310546875,0.18310546875,-35.985347985347985,844.1562881562882,-178.42735042735043
596,1,1,7,217,10,0.02978515625,0.03955078125,1.013671875,-0.06103515625,0.30517578125,-0.18310546875,-35.985347985347985,844.1562881562882,-163.43345543345544
597,1,1,7,227,10,0.0283203125,0.03271484375,1.00634765625,-0.06103515625,0.0,0.0,-19.492063492063494,848.6544566544567,-175.42857142857142
598,1,1,7,237,10,0.02490234375,0.02392578125,1.0224609375,0.0,0.244140625,0.0,-22.49084249084249,853.1526251526252,-193.42124542124543
599,1,1,7,247,10,0.0302734375,0.03369140625,1.01953125,-0.18310546875,0.0,0.06103515625,-20.99145299145299,836.6593406593406,-178.42735042735043
600,1,1,7,257,10,0.02783203125,0.0400390625,1.015625,-0.30517578125,0.18310546875,0.0,-35.985347985347985,839.6581196581196,-163.43345543345544
601,1,1,7,267,10,0.03076171875,0.029296875,1.017578125,-0.30517578125,0.244140625,0.0,-29.987789987789988,841.1575091575091,-175.42857142857142
602,1,1,7,277,10,0.03564453125,0.03515625,1.01611328125,-0.244140625,0.06103515625,0.06103515625,-28.488400488400487,836.6593406593406,-181.42612942612942
603,1,1,7,287,10,0.03076171875,0.03271484375,1.00927734375,-0.18310546875,-0.18310546875,0.1220703125,-40.48351648351648,841.1575091575091,-179.9267399267399
604,1,1,7,297,10,0.03125,0.0439453125,1.00634765625,0.0,-0.06103515625,0.06103515625,-26.98901098901099,838.1587301587301,-175.42857142857142
605,1,1,7,307,10,0.0322265625,0.03759765625,1.02099609375,-0.42724609375,0.244140625,0.0,-31.48717948717949,839.6581196581196,-181.42612942612942
606,1,1,7,317,10,0.02294921875,0.03662109375,1.01708984375,-0.06103515625,0.06103515625,0.0,-43.482295482295484,847.1550671550672,-188.92307692307693
607,1,1,7,327,10,0.03369140625,0.02685546875,0.99609375,-0.244140625,0.0,0.0,-22.49084249084249,841.1575091575091,-175.42857142857142
608,1,1,7,337,10,0.02880859375,0.02734375,1.01220703125,-0.244140625,0.0,0.1220703125,-34.485958485958484,833.6605616605617,-164.93284493284494
609,1,1,7,347,10,0.029296875,0.03369140625,1.00927734375,-0.06103515625,0.0,0.0,-31.48717948717949,836.6593406593406,-194.9206349206349
610,1,1,7,357,10,0.02978515625,0.0341796875,1.01123046875,-0.1220703125,0.06103515625,-0.1220703125,-31.48717948717949,844.1562881562882,-170.93040293040292
611,1,1,7,367,10,0.02783203125,0.03515625,1.01318359375,-0.244140625,-0.06103515625,0.06103515625,-29.987789987789988,848.6544566544567,-172.42979242979243
612,1,1,7,377,10,0.02880859375,0.03173828125,1.0029296875,0.0,0.0,0.18310546875,-37.48473748473749,853.1526251526252,-193.42124542124543
